2026-05-14 11:58:41 - RAG_system.services.retrieval_service - [INFO] Initializing RetrievalService...
2026-05-14 11:58:47 - RAG_system.services.reranker_service - [INFO] Loading reranker model: cross-encoder/ms-marco-MiniLM-L-6-v2...
2026-05-14 11:58:56 - RAG_system.services.reranker_service - [INFO] Reranker loaded successfully
2026-05-14 11:58:56 - RAG_system.services.retrieval_service - [INFO] RetrievalService initialized successfully
2026-05-14 11:58:56 - RAG_system.main - [INFO] Application Initialized
2026-05-14 22:19:49 - RAG_system.main - [INFO] Application Initialized
2026-05-14 22:19:50 - RAG_system.main - [INFO] Loading shared retrieval components
2026-05-14 22:20:10 - RAG_system.main - [INFO] Application Initialized
2026-05-14 22:20:10 - RAG_system.main - [INFO] Loading shared retrieval components
2026-05-14 22:20:50 - RAG_system.main - [INFO] Application Initialized
2026-05-14 22:20:50 - RAG_system.main - [INFO] Loading shared retrieval components
2026-05-14 22:20:50 - RAG_system.services.reranker_service - [INFO] Loading reranker model: cross-encoder/ms-marco-MiniLM-L-6-v2...
2026-05-14 22:20:59 - RAG_system.services.reranker_service - [INFO] Reranker loaded successfully
2026-05-14 22:21:05 - RAG_system.services.retrieval_service - [INFO] Initializing RetrievalService with injected handlers...
2026-05-14 22:21:05 - RAG_system.services.retrieval_service - [INFO] RetrievalService initialized successfully
2026-05-14 22:21:05 - RAG_system.main - [INFO] Application Closing
2026-05-14 22:21:16 - RAG_system.main - [INFO] Application Initialized
2026-05-14 22:21:16 - RAG_system.main - [INFO] Loading shared retrieval components
2026-05-14 22:21:16 - RAG_system.services.reranker_service - [INFO] Loading reranker model: cross-encoder/ms-marco-MiniLM-L-6-v2...
2026-05-14 22:21:25 - RAG_system.services.reranker_service - [INFO] Reranker loaded successfully
2026-05-14 22:21:31 - RAG_system.services.retrieval_service - [INFO] Initializing RetrievalService with injected handlers...
2026-05-14 22:21:31 - RAG_system.services.retrieval_service - [INFO] RetrievalService initialized successfully
2026-05-14 22:22:14 - RAG_system.services.retrieval_service - [INFO] Starting search for: What are some senior level job offers for Walmart?
2026-05-14 22:22:16 - RAG_system.services.retrieval_service - [DEBUG] Hybrid search returned 100 candidates
2026-05-14 22:22:16 - RAG_system.services.reranker_service - [DEBUG] Reranked 15 texts → top 5
2026-05-14 22:22:16 - RAG_system.services.retrieval_service - [DEBUG] Reranked 15 -> 5 results
2026-05-14 22:22:16 - RAG_system.services.retrieval_service - [INFO] Search completed: returned 5 results
2026-05-14 22:23:58 - RAG_system.services.retrieval_service - [INFO] Starting search for: What are some senior level job offers for Walmart?
2026-05-14 22:23:59 - RAG_system.services.retrieval_service - [DEBUG] Hybrid search returned 40 candidates
2026-05-14 22:23:59 - RAG_system.services.reranker_service - [DEBUG] Reranked 6 texts → top 2
2026-05-14 22:23:59 - RAG_system.services.retrieval_service - [DEBUG] Reranked 6 -> 2 results
2026-05-14 22:23:59 - RAG_system.services.retrieval_service - [INFO] Search completed: returned 2 results
2026-05-14 22:24:29 - RAG_system.services.retrieval_service - [INFO] Starting search for: What are the requirements for senior level position for Walmart?
2026-05-14 22:24:30 - RAG_system.services.retrieval_service - [DEBUG] Hybrid search returned 40 candidates
2026-05-14 22:24:30 - RAG_system.services.reranker_service - [DEBUG] Reranked 6 texts → top 2
2026-05-14 22:24:30 - RAG_system.services.retrieval_service - [DEBUG] Reranked 6 -> 2 results
2026-05-14 22:24:30 - RAG_system.services.retrieval_service - [INFO] Search completed: returned 2 results
2026-05-14 22:25:04 - RAG_system.services.retrieval_service - [INFO] Starting search for: What are some senior level job offers for Walmart?
2026-05-14 22:25:06 - RAG_system.services.retrieval_service - [DEBUG] Hybrid search returned 40 candidates
2026-05-14 22:25:06 - RAG_system.services.reranker_service - [DEBUG] Reranked 6 texts → top 2
2026-05-14 22:25:06 - RAG_system.services.retrieval_service - [DEBUG] Reranked 6 -> 2 results
2026-05-14 22:25:06 - RAG_system.services.retrieval_service - [INFO] Search completed: returned 2 results
2026-05-14 22:25:20 - RAG_system.services.retrieval_service - [INFO] Starting search for: What are the requirements for senior level position for Walmart?
2026-05-14 22:25:21 - RAG_system.services.retrieval_service - [DEBUG] Hybrid search returned 40 candidates
2026-05-14 22:25:21 - RAG_system.services.reranker_service - [DEBUG] Reranked 6 texts → top 2
2026-05-14 22:25:21 - RAG_system.services.retrieval_service - [DEBUG] Reranked 6 -> 2 results
2026-05-14 22:25:21 - RAG_system.services.retrieval_service - [INFO] Search completed: returned 2 results
2026-05-14 22:36:53 - scripts.build_vector_db - [INFO] Average document length: 103.59
2026-05-14 22:40:38 - RAG_system.main - [INFO] Application Closing
2026-05-14 22:40:50 - RAG_system.main - [INFO] Application Initialized
2026-05-14 22:40:50 - RAG_system.main - [INFO] Loading shared retrieval components
2026-05-14 22:40:50 - RAG_system.services.reranker_service - [INFO] Loading reranker model: cross-encoder/ms-marco-MiniLM-L-6-v2...
2026-05-14 22:40:59 - RAG_system.services.reranker_service - [INFO] Reranker loaded successfully
2026-05-14 22:41:06 - RAG_system.services.retrieval_service - [INFO] Initializing RetrievalService with injected handlers...
2026-05-14 22:41:06 - RAG_system.services.retrieval_service - [INFO] RetrievalService initialized successfully
2026-05-14 22:41:26 - RAG_system.services.retrieval_service - [INFO] Starting search for: What are the requirements for senior level position for Walmart?
2026-05-14 22:41:28 - RAG_system.services.retrieval_service - [DEBUG] Hybrid search returned 40 candidates
2026-05-14 22:41:28 - RAG_system.services.reranker_service - [DEBUG] Reranked 6 texts → top 2
2026-05-14 22:41:28 - RAG_system.services.retrieval_service - [DEBUG] Reranked 6 -> 2 results
2026-05-14 22:41:28 - RAG_system.services.retrieval_service - [INFO] Search completed: returned 2 results
2026-05-14 22:42:15 - RAG_system.services.retrieval_service - [INFO] Starting search for: What are the minimal qualification for senior level position for Walmart?
2026-05-14 22:42:16 - RAG_system.services.retrieval_service - [DEBUG] Hybrid search returned 40 candidates
2026-05-14 22:42:16 - RAG_system.services.reranker_service - [DEBUG] Reranked 6 texts → top 2
2026-05-14 22:42:16 - RAG_system.services.retrieval_service - [DEBUG] Reranked 6 -> 2 results
2026-05-14 22:42:16 - RAG_system.services.retrieval_service - [INFO] Search completed: returned 2 results
2026-05-14 22:42:33 - RAG_system.services.retrieval_service - [INFO] Starting search for: What are the minimal qualification for senior level position for Walmart?
2026-05-14 22:42:35 - RAG_system.services.retrieval_service - [DEBUG] Hybrid search returned 100 candidates
2026-05-14 22:42:35 - RAG_system.services.reranker_service - [DEBUG] Reranked 15 texts → top 5
2026-05-14 22:42:35 - RAG_system.services.retrieval_service - [DEBUG] Reranked 15 -> 5 results
2026-05-14 22:42:35 - RAG_system.services.retrieval_service - [INFO] Search completed: returned 5 results
2026-05-14 22:45:06 - RAG_system.services.retrieval_service - [INFO] Starting search for: What are the minimal qualification for senior level position for Meta?
2026-05-14 22:45:07 - RAG_system.services.retrieval_service - [DEBUG] Hybrid search returned 100 candidates
2026-05-14 22:45:07 - RAG_system.services.reranker_service - [DEBUG] Reranked 15 texts → top 5
2026-05-14 22:45:07 - RAG_system.services.retrieval_service - [DEBUG] Reranked 15 -> 5 results
2026-05-14 22:45:07 - RAG_system.services.retrieval_service - [INFO] Search completed: returned 5 results
2026-05-14 22:45:59 - RAG_system.services.retrieval_service - [INFO] Starting search for: What are the minimal qualification for senior level for Software Engineering at Meta?
2026-05-14 22:46:01 - RAG_system.services.retrieval_service - [DEBUG] Hybrid search returned 100 candidates
2026-05-14 22:46:01 - RAG_system.services.reranker_service - [DEBUG] Reranked 15 texts → top 5
2026-05-14 22:46:01 - RAG_system.services.retrieval_service - [DEBUG] Reranked 15 -> 5 results
2026-05-14 22:46:01 - RAG_system.services.retrieval_service - [INFO] Search completed: returned 5 results
2026-05-14 22:47:24 - RAG_system.main - [INFO] Application Closing
2026-05-14 22:47:34 - RAG_system.main - [INFO] Application Initialized
2026-05-14 22:47:34 - RAG_system.main - [INFO] Loading shared retrieval components
2026-05-14 22:47:34 - RAG_system.services.reranker_service - [INFO] Loading reranker model: cross-encoder/ms-marco-MiniLM-L-6-v2...
2026-05-14 22:47:43 - RAG_system.services.reranker_service - [INFO] Reranker loaded successfully
2026-05-14 22:47:50 - RAG_system.services.retrieval_service - [INFO] Initializing RetrievalService with injected handlers...
2026-05-14 22:47:50 - RAG_system.services.retrieval_service - [INFO] RetrievalService initialized successfully
2026-05-14 22:47:53 - RAG_system.services.retrieval_service - [INFO] Starting search for: What are the minimal qualification for senior level for Software Engineering at Meta?
2026-05-14 22:47:55 - RAG_system.services.retrieval_service - [DEBUG] Hybrid search returned 100 candidates
2026-05-14 22:47:55 - RAG_system.services.reranker_service - [DEBUG] Reranked 15 texts → top 5
2026-05-14 22:47:55 - RAG_system.services.retrieval_service - [DEBUG] Reranked 15 -> 5 results
2026-05-14 22:47:55 - RAG_system.services.retrieval_service - [INFO] Search completed: returned 5 results
2026-05-14 22:48:25 - RAG_system.services.retrieval_service - [INFO] Starting search for: What are the minimal qualification for senior level for Software Engineering at Walmart?
2026-05-14 22:48:27 - RAG_system.services.retrieval_service - [DEBUG] Hybrid search returned 100 candidates
2026-05-14 22:48:27 - RAG_system.services.reranker_service - [DEBUG] Reranked 15 texts → top 5
2026-05-14 22:48:27 - RAG_system.services.retrieval_service - [DEBUG] Reranked 15 -> 5 results
2026-05-14 22:48:27 - RAG_system.services.retrieval_service - [INFO] Search completed: returned 5 results
2026-05-14 22:49:10 - RAG_system.services.retrieval_service - [INFO] Starting search for: What are the minimal qualification for senior level for Project Manager at Meta?
2026-05-14 22:49:12 - RAG_system.services.retrieval_service - [DEBUG] Hybrid search returned 100 candidates
2026-05-14 22:49:12 - RAG_system.services.reranker_service - [DEBUG] Reranked 15 texts → top 5
2026-05-14 22:49:12 - RAG_system.services.retrieval_service - [DEBUG] Reranked 15 -> 5 results
2026-05-14 22:49:12 - RAG_system.services.retrieval_service - [INFO] Search completed: returned 5 results
2026-05-14 22:49:20 - RAG_system.services.retrieval_service - [INFO] Starting search for: What are the qualification requirements for senior level for Project Manager at Meta?
2026-05-14 22:49:22 - RAG_system.services.retrieval_service - [DEBUG] Hybrid search returned 100 candidates
2026-05-14 22:49:22 - RAG_system.services.reranker_service - [DEBUG] Reranked 15 texts → top 5
2026-05-14 22:49:22 - RAG_system.services.retrieval_service - [DEBUG] Reranked 15 -> 5 results
2026-05-14 22:49:22 - RAG_system.services.retrieval_service - [INFO] Search completed: returned 5 results
2026-05-14 22:49:40 - RAG_system.services.retrieval_service - [INFO] Starting search for: What are the qualification requirements for senior level for software engineer at Meta?
2026-05-14 22:49:42 - RAG_system.services.retrieval_service - [DEBUG] Hybrid search returned 100 candidates
2026-05-14 22:49:42 - RAG_system.services.reranker_service - [DEBUG] Reranked 15 texts → top 5
2026-05-14 22:49:42 - RAG_system.services.retrieval_service - [DEBUG] Reranked 15 -> 5 results
2026-05-14 22:49:42 - RAG_system.services.retrieval_service - [INFO] Search completed: returned 5 results
2026-05-14 23:01:59 - RAG_system.main - [INFO] Application Closing
2026-05-14 23:02:09 - RAG_system.main - [INFO] Application Initialized
2026-05-14 23:02:09 - RAG_system.main - [INFO] Loading shared retrieval components
2026-05-14 23:02:09 - RAG_system.services.reranker_service - [INFO] Loading reranker model: cross-encoder/ms-marco-MiniLM-L-6-v2...
2026-05-14 23:02:18 - RAG_system.services.reranker_service - [INFO] Reranker loaded successfully
2026-05-14 23:02:25 - RAG_system.services.retrieval_service - [INFO] Initializing RetrievalService with injected handlers...
2026-05-14 23:02:25 - RAG_system.services.retrieval_service - [INFO] RetrievalService initialized successfully
2026-05-14 23:02:34 - RAG_system.services.retrieval_service - [INFO] Starting search for: What are the qualification requirements for senior level for software engineer at Meta?
2026-05-14 23:02:35 - RAG_system.services.retrieval_service - [ERROR] Search failed: Unexpected Response: 400 (Bad Request)
Raw response content:
b'{"status":{"error":"Bad request: Index required but not found for \\"metadata.level\\" of one of the following types: [keyword]. Help: Create an index for this key or use a different filter."},"time" ...'
Traceback (most recent call last):
  File "/home/banid/projects/Leapfrog_Assignment/RAG_system/services/retrieval_service.py", line 166, in search
    hybrid_candidates = self.vector_search.hybrid_search(
                        ^^^^^^^^^^^^^^^^^^^^^^^^^^^^^^^^^
  File "/home/banid/projects/Leapfrog_Assignment/RAG_system/services/vector_search_service.py", line 50, in hybrid_search
    dense_response = self.client.query_points(
                     ^^^^^^^^^^^^^^^^^^^^^^^^^
  File "/home/banid/projects/Leapfrog_Assignment/.venv/lib/python3.12/site-packages/qdrant_client/qdrant_client.py", line 423, in query_points
    return self._client.query_points(
           ^^^^^^^^^^^^^^^^^^^^^^^^^^
  File "/home/banid/projects/Leapfrog_Assignment/.venv/lib/python3.12/site-packages/qdrant_client/qdrant_remote.py", line 583, in query_points
    query_result = self.http.search_api.query_points(
                   ^^^^^^^^^^^^^^^^^^^^^^^^^^^^^^^^^^
  File "/home/banid/projects/Leapfrog_Assignment/.venv/lib/python3.12/site-packages/qdrant_client/http/api/search_api.py", line 783, in query_points
    return self._build_for_query_points(
           ^^^^^^^^^^^^^^^^^^^^^^^^^^^^^
  File "/home/banid/projects/Leapfrog_Assignment/.venv/lib/python3.12/site-packages/qdrant_client/http/api/search_api.py", line 181, in _build_for_query_points
    return self.api_client.request(
           ^^^^^^^^^^^^^^^^^^^^^^^^
  File "/home/banid/projects/Leapfrog_Assignment/.venv/lib/python3.12/site-packages/qdrant_client/http/api_client.py", line 95, in request
    return self.send(request, type_)
           ^^^^^^^^^^^^^^^^^^^^^^^^^
  File "/home/banid/projects/Leapfrog_Assignment/.venv/lib/python3.12/site-packages/qdrant_client/http/api_client.py", line 130, in send
    raise UnexpectedResponse.for_response(response)
qdrant_client.http.exceptions.UnexpectedResponse: Unexpected Response: 400 (Bad Request)
Raw response content:
b'{"status":{"error":"Bad request: Index required but not found for \\"metadata.level\\" of one of the following types: [keyword]. Help: Create an index for this key or use a different filter."},"time" ...'
2026-05-14 23:05:17 - scripts.build_vector_db - [INFO] Average document length: 103.59
2026-05-14 23:07:24 - scripts.build_vector_db - [INFO] Average document length: 103.59
2026-05-14 23:13:32 - RAG_system.main - [INFO] Application Closing
2026-05-14 23:13:45 - RAG_system.main - [INFO] Application Initialized
2026-05-14 23:13:45 - RAG_system.main - [INFO] Loading shared retrieval components
2026-05-14 23:13:45 - RAG_system.services.reranker_service - [INFO] Loading reranker model: cross-encoder/ms-marco-MiniLM-L-6-v2...
2026-05-14 23:13:54 - RAG_system.services.reranker_service - [INFO] Reranker loaded successfully
2026-05-14 23:14:00 - RAG_system.services.retrieval_service - [INFO] Initializing RetrievalService with injected handlers...
2026-05-14 23:14:00 - RAG_system.services.retrieval_service - [INFO] RetrievalService initialized successfully
2026-05-14 23:14:04 - RAG_system.services.retrieval_service - [INFO] Starting search for: What are the qualification requirements for senior level for software engineer at Meta?
2026-05-14 23:14:06 - RAG_system.services.retrieval_service - [DEBUG] Hybrid search returned 100 candidates
2026-05-14 23:14:06 - RAG_system.services.reranker_service - [DEBUG] Reranked 15 texts → top 5
2026-05-14 23:14:06 - RAG_system.services.retrieval_service - [DEBUG] Reranked 15 -> 5 results
2026-05-14 23:14:06 - RAG_system.services.retrieval_service - [INFO] Search completed: returned 5 results
2026-05-14 23:14:33 - RAG_system.services.retrieval_service - [INFO] Starting search for: What are the qualification requirements for entry level for software engineer at Meta?
2026-05-14 23:14:34 - RAG_system.services.retrieval_service - [DEBUG] Hybrid search returned 0 candidates
2026-05-14 23:14:34 - RAG_system.services.retrieval_service - [DEBUG] No results to rerank
2026-05-14 23:14:34 - RAG_system.services.retrieval_service - [INFO] Search completed: returned 0 results
2026-05-14 23:14:37 - RAG_system.services.retrieval_service - [INFO] Starting search for: What are the qualification requirements for entry level for software engineer at Meta?
2026-05-14 23:14:38 - RAG_system.services.retrieval_service - [DEBUG] Hybrid search returned 0 candidates
2026-05-14 23:14:38 - RAG_system.services.retrieval_service - [DEBUG] No results to rerank
2026-05-14 23:14:38 - RAG_system.services.retrieval_service - [INFO] Search completed: returned 0 results
2026-05-14 23:14:46 - RAG_system.services.retrieval_service - [INFO] Starting search for: What are the qualification requirements for mid level for software engineer at Meta?
2026-05-14 23:14:48 - RAG_system.services.retrieval_service - [DEBUG] Hybrid search returned 68 candidates
2026-05-14 23:14:48 - RAG_system.services.reranker_service - [DEBUG] Reranked 15 texts → top 5
2026-05-14 23:14:48 - RAG_system.services.retrieval_service - [DEBUG] Reranked 15 -> 5 results
2026-05-14 23:14:48 - RAG_system.services.retrieval_service - [INFO] Search completed: returned 5 results
2026-05-14 23:15:34 - RAG_system.services.retrieval_service - [INFO] Starting search for: What are the qualification requirements for senior level for software engineer at Meta?
2026-05-14 23:15:36 - RAG_system.services.retrieval_service - [DEBUG] Hybrid search returned 100 candidates
2026-05-14 23:15:36 - RAG_system.services.reranker_service - [DEBUG] Reranked 15 texts → top 5
2026-05-14 23:15:36 - RAG_system.services.retrieval_service - [DEBUG] Reranked 15 -> 5 results
2026-05-14 23:15:36 - RAG_system.services.retrieval_service - [INFO] Search completed: returned 5 results
2026-05-14 23:18:14 - RAG_system.main - [INFO] Application Closing
2026-05-14 23:26:45 - RAG_system.services.retrieval_service - [INFO] Initializing RetrievalService...
2026-05-14 23:26:52 - RAG_system.services.reranker_service - [INFO] Loading reranker model: cross-encoder/ms-marco-MiniLM-L-6-v2...
2026-05-14 23:27:01 - RAG_system.services.reranker_service - [INFO] Reranker loaded successfully
2026-05-14 23:27:01 - RAG_system.services.retrieval_service - [INFO] RetrievalService initialized successfully
2026-05-14 23:27:05 - RAG_system.services.retrieval_service - [INFO] Starting search for: What are the qualification requirements for senior level for software engineer at Meta?
2026-05-14 23:27:08 - RAG_system.services.retrieval_service - [DEBUG] Hybrid search returned 100 candidates
2026-05-14 23:27:08 - RAG_system.services.reranker_service - [DEBUG] Reranked 15 texts → top 5
2026-05-14 23:27:08 - RAG_system.services.retrieval_service - [DEBUG] Reranked 15 -> 5 results
2026-05-14 23:27:08 - RAG_system.services.retrieval_service - [INFO] Search completed: returned 5 results
2026-05-14 23:27:59 - RAG_system.services.retrieval_service - [INFO] Starting search for: What are the qualification requirements for senior level for product manager at Meta?
2026-05-14 23:28:01 - RAG_system.services.retrieval_service - [DEBUG] Hybrid search returned 100 candidates
2026-05-14 23:28:01 - RAG_system.services.reranker_service - [DEBUG] Reranked 15 texts → top 5
2026-05-14 23:28:01 - RAG_system.services.retrieval_service - [DEBUG] Reranked 15 -> 5 results
2026-05-14 23:28:01 - RAG_system.services.retrieval_service - [INFO] Search completed: returned 5 results
2026-05-14 23:28:26 - RAG_system.services.retrieval_service - [INFO] Starting search for: What are the qualification requirements for senior level for manager role at Meta?
2026-05-14 23:28:28 - RAG_system.services.retrieval_service - [DEBUG] Hybrid search returned 100 candidates
2026-05-14 23:28:28 - RAG_system.services.reranker_service - [DEBUG] Reranked 15 texts → top 5
2026-05-14 23:28:28 - RAG_system.services.retrieval_service - [DEBUG] Reranked 15 -> 5 results
2026-05-14 23:28:28 - RAG_system.services.retrieval_service - [INFO] Search completed: returned 5 results
2026-05-14 23:29:08 - RAG_system.services.retrieval_service - [INFO] Starting search for: What are the minimal qualification for senior level position for Software Engineering position at Me
2026-05-14 23:29:09 - RAG_system.services.retrieval_service - [DEBUG] Hybrid search returned 0 candidates
2026-05-14 23:29:09 - RAG_system.services.retrieval_service - [DEBUG] No results to rerank
2026-05-14 23:29:09 - RAG_system.services.retrieval_service - [INFO] Search completed: returned 0 results
2026-05-14 23:29:21 - RAG_system.services.retrieval_service - [INFO] Starting search for: What are the qualification for senior level position for Software Engineering position at Meta?
2026-05-14 23:29:21 - RAG_system.services.retrieval_service - [DEBUG] Hybrid search returned 0 candidates
2026-05-14 23:29:21 - RAG_system.services.retrieval_service - [DEBUG] No results to rerank
2026-05-14 23:29:21 - RAG_system.services.retrieval_service - [INFO] Search completed: returned 0 results
2026-05-14 23:29:28 - RAG_system.services.retrieval_service - [INFO] Starting search for: What are the qualification for senior level position for Software Engineering at Meta?
2026-05-14 23:29:29 - RAG_system.services.retrieval_service - [DEBUG] Hybrid search returned 0 candidates
2026-05-14 23:29:29 - RAG_system.services.retrieval_service - [DEBUG] No results to rerank
2026-05-14 23:29:29 - RAG_system.services.retrieval_service - [INFO] Search completed: returned 0 results
2026-05-14 23:29:33 - RAG_system.services.retrieval_service - [INFO] Starting search for: What are the qualification for senior level for Software Engineering at Meta?
2026-05-14 23:29:33 - RAG_system.services.retrieval_service - [DEBUG] Hybrid search returned 0 candidates
2026-05-14 23:29:33 - RAG_system.services.retrieval_service - [DEBUG] No results to rerank
2026-05-14 23:29:33 - RAG_system.services.retrieval_service - [INFO] Search completed: returned 0 results
2026-05-14 23:29:44 - RAG_system.services.retrieval_service - [INFO] Starting search for: What are the qualification for senior level for Software Engineering at Walmart?
2026-05-14 23:29:45 - RAG_system.services.retrieval_service - [DEBUG] Hybrid search returned 0 candidates
2026-05-14 23:29:45 - RAG_system.services.retrieval_service - [DEBUG] No results to rerank
2026-05-14 23:29:45 - RAG_system.services.retrieval_service - [INFO] Search completed: returned 0 results
2026-05-14 23:30:42 - RAG_system.services.retrieval_service - [INFO] Initializing RetrievalService...
2026-05-14 23:30:49 - RAG_system.services.reranker_service - [INFO] Loading reranker model: cross-encoder/ms-marco-MiniLM-L-6-v2...
2026-05-14 23:30:58 - RAG_system.services.reranker_service - [INFO] Reranker loaded successfully
2026-05-14 23:30:58 - RAG_system.services.retrieval_service - [INFO] RetrievalService initialized successfully
2026-05-14 23:31:05 - RAG_system.services.retrieval_service - [INFO] Starting search for: What are the qualification requirements for senior level for software engineer at Meta?
2026-05-14 23:31:07 - RAG_system.services.retrieval_service - [DEBUG] Hybrid search returned 100 candidates
2026-05-14 23:31:07 - RAG_system.services.reranker_service - [DEBUG] Reranked 15 texts → top 5
2026-05-14 23:31:07 - RAG_system.services.retrieval_service - [DEBUG] Reranked 15 -> 5 results
2026-05-14 23:31:07 - RAG_system.services.retrieval_service - [INFO] Search completed: returned 5 results
2026-05-14 23:31:20 - RAG_system.services.retrieval_service - [INFO] Starting search for: What are the minimal qualification requirements for senior level for software engineer at Meta?
2026-05-14 23:31:21 - RAG_system.services.retrieval_service - [DEBUG] Hybrid search returned 100 candidates
2026-05-14 23:31:22 - RAG_system.services.reranker_service - [DEBUG] Reranked 15 texts → top 5
2026-05-14 23:31:22 - RAG_system.services.retrieval_service - [DEBUG] Reranked 15 -> 5 results
2026-05-14 23:31:22 - RAG_system.services.retrieval_service - [INFO] Search completed: returned 5 results
2026-05-14 23:53:23 - RAG_system.services.retrieval_service - [INFO] Starting search for: What are the key responsibilities of a quantitative analyst role?
2026-05-14 23:53:25 - RAG_system.services.retrieval_service - [DEBUG] Hybrid search returned 100 candidates
2026-05-14 23:53:25 - RAG_system.services.reranker_service - [DEBUG] Reranked 15 texts → top 5
2026-05-14 23:53:25 - RAG_system.services.retrieval_service - [DEBUG] Reranked 15 -> 5 results
2026-05-14 23:53:25 - RAG_system.services.retrieval_service - [INFO] Search completed: returned 5 results
2026-05-14 23:53:31 - RAG_system.services.retrieval_service - [INFO] Starting search for: What is the salary range for a DIR Equities Quant position at Bank of America?
2026-05-14 23:53:32 - RAG_system.services.retrieval_service - [DEBUG] Hybrid search returned 0 candidates
2026-05-14 23:53:32 - RAG_system.services.retrieval_service - [DEBUG] No results to rerank
2026-05-14 23:53:32 - RAG_system.services.retrieval_service - [INFO] Search completed: returned 0 results
2026-05-14 23:53:32 - RAG_system.services.retrieval_service - [INFO] Starting search for: What are the minimum education requirements for a quantitative analytics role?
2026-05-14 23:53:34 - RAG_system.services.retrieval_service - [DEBUG] Hybrid search returned 100 candidates
2026-05-14 23:53:34 - RAG_system.services.reranker_service - [DEBUG] Reranked 15 texts → top 5
2026-05-14 23:53:34 - RAG_system.services.retrieval_service - [DEBUG] Reranked 15 -> 5 results
2026-05-14 23:53:34 - RAG_system.services.retrieval_service - [INFO] Search completed: returned 5 results
2026-05-14 23:53:35 - RAG_system.services.retrieval_service - [INFO] Starting search for: Which company is hiring for a Quant position with focus on equities?
2026-05-14 23:53:37 - RAG_system.services.retrieval_service - [DEBUG] Hybrid search returned 100 candidates
2026-05-14 23:53:37 - RAG_system.services.reranker_service - [DEBUG] Reranked 15 texts → top 5
2026-05-14 23:53:37 - RAG_system.services.retrieval_service - [DEBUG] Reranked 15 -> 5 results
2026-05-14 23:53:37 - RAG_system.services.retrieval_service - [INFO] Search completed: returned 5 results
2026-05-14 23:53:39 - RAG_system.services.retrieval_service - [INFO] Starting search for: What skills are important for a quantitative developer in risk management?
2026-05-14 23:53:40 - RAG_system.services.retrieval_service - [DEBUG] Hybrid search returned 100 candidates
2026-05-14 23:53:40 - RAG_system.services.reranker_service - [DEBUG] Reranked 15 texts → top 5
2026-05-14 23:53:40 - RAG_system.services.retrieval_service - [DEBUG] Reranked 15 -> 5 results
2026-05-14 23:53:40 - RAG_system.services.retrieval_service - [INFO] Search completed: returned 5 results
2026-05-14 23:53:42 - RAG_system.services.retrieval_service - [INFO] Starting search for: What is the job location for the Bank of America Quant role?
2026-05-14 23:53:42 - RAG_system.services.retrieval_service - [DEBUG] Hybrid search returned 0 candidates
2026-05-14 23:53:42 - RAG_system.services.retrieval_service - [DEBUG] No results to rerank
2026-05-14 23:53:42 - RAG_system.services.retrieval_service - [INFO] Search completed: returned 0 results
2026-05-14 23:53:42 - RAG_system.services.retrieval_service - [INFO] Starting search for: What are the work hours for the DIR Equities Quant position?
2026-05-14 23:53:43 - RAG_system.services.retrieval_service - [DEBUG] Hybrid search returned 0 candidates
2026-05-14 23:53:43 - RAG_system.services.retrieval_service - [DEBUG] No results to rerank
2026-05-14 23:53:43 - RAG_system.services.retrieval_service - [INFO] Search completed: returned 0 results
2026-05-14 23:53:43 - RAG_system.services.retrieval_service - [INFO] Starting search for: What does a quantitative analyst need to do in terms of model oversight?
2026-05-14 23:53:44 - RAG_system.services.retrieval_service - [DEBUG] Hybrid search returned 100 candidates
2026-05-14 23:53:44 - RAG_system.services.reranker_service - [DEBUG] Reranked 15 texts → top 5
2026-05-14 23:53:44 - RAG_system.services.retrieval_service - [DEBUG] Reranked 15 -> 5 results
2026-05-14 23:53:44 - RAG_system.services.retrieval_service - [INFO] Search completed: returned 5 results
2026-05-14 23:53:51 - RAG_system.services.retrieval_service - [INFO] Starting search for: What is involved in market risk stress testing according to the job description?
2026-05-14 23:53:52 - RAG_system.services.retrieval_service - [DEBUG] Hybrid search returned 100 candidates
2026-05-14 23:53:52 - RAG_system.services.reranker_service - [DEBUG] Reranked 15 texts → top 5
2026-05-14 23:53:52 - RAG_system.services.retrieval_service - [DEBUG] Reranked 15 -> 5 results
2026-05-14 23:53:52 - RAG_system.services.retrieval_service - [INFO] Search completed: returned 5 results
2026-05-14 23:53:57 - RAG_system.services.retrieval_service - [INFO] Starting search for: What is the role of a quantitative analyst in strategic direction?
2026-05-14 23:53:58 - RAG_system.services.retrieval_service - [DEBUG] Hybrid search returned 100 candidates
2026-05-14 23:53:58 - RAG_system.services.reranker_service - [DEBUG] Reranked 15 texts → top 5
2026-05-14 23:53:58 - RAG_system.services.retrieval_service - [DEBUG] Reranked 15 -> 5 results
2026-05-14 23:53:58 - RAG_system.services.retrieval_service - [INFO] Search completed: returned 5 results
2026-05-14 23:54:01 - RAG_system.services.retrieval_service - [INFO] Starting search for: What benefits are provided to employees in this role?
2026-05-14 23:54:04 - RAG_system.services.retrieval_service - [DEBUG] Hybrid search returned 100 candidates
2026-05-14 23:54:04 - RAG_system.services.reranker_service - [DEBUG] Reranked 15 texts → top 5
2026-05-14 23:54:04 - RAG_system.services.retrieval_service - [DEBUG] Reranked 15 -> 5 results
2026-05-14 23:54:04 - RAG_system.services.retrieval_service - [INFO] Search completed: returned 5 results
2026-05-14 23:54:06 - RAG_system.services.retrieval_service - [INFO] Starting search for: What is the job category for the Bank of America quantitative role?
2026-05-14 23:54:07 - RAG_system.services.retrieval_service - [DEBUG] Hybrid search returned 0 candidates
2026-05-14 23:54:07 - RAG_system.services.retrieval_service - [DEBUG] No results to rerank
2026-05-14 23:54:07 - RAG_system.services.retrieval_service - [INFO] Search completed: returned 0 results
2026-05-14 23:54:07 - RAG_system.services.retrieval_service - [INFO] Starting search for: What does Bank of America emphasize in their company culture?
2026-05-14 23:54:08 - RAG_system.services.retrieval_service - [DEBUG] Hybrid search returned 0 candidates
2026-05-14 23:54:08 - RAG_system.services.retrieval_service - [DEBUG] No results to rerank
2026-05-14 23:54:08 - RAG_system.services.retrieval_service - [INFO] Search completed: returned 0 results
2026-05-14 23:54:08 - RAG_system.services.retrieval_service - [INFO] Starting search for: What are the responsibilities related to model development approval?
2026-05-14 23:54:10 - RAG_system.services.retrieval_service - [DEBUG] Hybrid search returned 100 candidates
2026-05-14 23:54:10 - RAG_system.services.reranker_service - [DEBUG] Reranked 15 texts → top 5
2026-05-14 23:54:10 - RAG_system.services.retrieval_service - [DEBUG] Reranked 15 -> 5 results
2026-05-14 23:54:10 - RAG_system.services.retrieval_service - [INFO] Search completed: returned 5 results
2026-05-14 23:54:11 - RAG_system.services.retrieval_service - [INFO] Starting search for: What type of analysis does a quantitative analyst perform on datasets?
2026-05-14 23:54:13 - RAG_system.services.retrieval_service - [DEBUG] Hybrid search returned 100 candidates
2026-05-14 23:54:13 - RAG_system.services.reranker_service - [DEBUG] Reranked 15 texts → top 5
2026-05-14 23:54:13 - RAG_system.services.retrieval_service - [DEBUG] Reranked 15 -> 5 results
2026-05-14 23:54:13 - RAG_system.services.retrieval_service - [INFO] Search completed: returned 5 results
2026-05-14 23:54:16 - RAG_system.services.retrieval_service - [INFO] Starting search for: What leadership responsibilities does the DIR Equities Quant role involve?
2026-05-14 23:54:17 - RAG_system.services.retrieval_service - [DEBUG] Hybrid search returned 0 candidates
2026-05-14 23:54:17 - RAG_system.services.retrieval_service - [DEBUG] No results to rerank
2026-05-14 23:54:17 - RAG_system.services.retrieval_service - [INFO] Search completed: returned 0 results
2026-05-14 23:54:17 - RAG_system.services.retrieval_service - [INFO] Starting search for: What is the publication date for the Bank of America Quant position?
2026-05-14 23:54:18 - RAG_system.services.retrieval_service - [DEBUG] Hybrid search returned 0 candidates
2026-05-14 23:54:18 - RAG_system.services.retrieval_service - [DEBUG] No results to rerank
2026-05-14 23:54:18 - RAG_system.services.retrieval_service - [INFO] Search completed: returned 0 results
2026-05-14 23:54:18 - RAG_system.services.retrieval_service - [INFO] Starting search for: What kind of documentation is required for quantitative models?
2026-05-14 23:54:20 - RAG_system.services.retrieval_service - [DEBUG] Hybrid search returned 100 candidates
2026-05-14 23:54:20 - RAG_system.services.reranker_service - [DEBUG] Reranked 15 texts → top 5
2026-05-14 23:54:20 - RAG_system.services.retrieval_service - [DEBUG] Reranked 15 -> 5 results
2026-05-14 23:54:20 - RAG_system.services.retrieval_service - [INFO] Search completed: returned 5 results
2026-05-14 23:54:21 - RAG_system.services.retrieval_service - [INFO] Starting search for: Who do quantitative analysts work closely with?
2026-05-14 23:54:23 - RAG_system.services.retrieval_service - [DEBUG] Hybrid search returned 100 candidates
2026-05-14 23:54:23 - RAG_system.services.reranker_service - [DEBUG] Reranked 15 texts → top 5
2026-05-14 23:54:23 - RAG_system.services.retrieval_service - [DEBUG] Reranked 15 -> 5 results
2026-05-14 23:54:23 - RAG_system.services.retrieval_service - [INFO] Search completed: returned 5 results
2026-05-14 23:54:26 - RAG_system.services.retrieval_service - [INFO] Starting search for: What makes Bank of America committed to in-office culture?
2026-05-14 23:54:26 - RAG_system.services.retrieval_service - [DEBUG] Hybrid search returned 0 candidates
2026-05-14 23:54:26 - RAG_system.services.retrieval_service - [DEBUG] No results to rerank
2026-05-14 23:54:26 - RAG_system.services.retrieval_service - [INFO] Search completed: returned 0 results
2026-05-15 00:02:45 - RAG_system.services.retrieval_service - [INFO] Starting search for: test
2026-05-15 00:02:47 - RAG_system.services.retrieval_service - [DEBUG] Hybrid search returned 100 candidates
2026-05-15 00:02:47 - RAG_system.services.reranker_service - [DEBUG] Reranked 15 texts → top 5
2026-05-15 00:02:47 - RAG_system.services.retrieval_service - [DEBUG] Reranked 15 -> 5 results
2026-05-15 00:02:47 - RAG_system.services.retrieval_service - [INFO] Search completed: returned 5 results
2026-05-15 00:03:00 - RAG_system.services.retrieval_service - [INFO] Starting search for: test
2026-05-15 00:03:02 - RAG_system.services.retrieval_service - [INFO] Initializing RetrievalService...
2026-05-15 00:03:02 - RAG_system.services.retrieval_service - [DEBUG] Hybrid search returned 100 candidates
2026-05-15 00:03:02 - RAG_system.services.reranker_service - [DEBUG] Reranked 15 texts → top 5
2026-05-15 00:03:02 - RAG_system.services.retrieval_service - [DEBUG] Reranked 15 -> 5 results
2026-05-15 00:03:02 - RAG_system.services.retrieval_service - [INFO] Search completed: returned 5 results
2026-05-15 00:03:09 - RAG_system.services.reranker_service - [INFO] Loading reranker model: cross-encoder/ms-marco-MiniLM-L-6-v2...
2026-05-15 00:03:19 - RAG_system.services.reranker_service - [INFO] Reranker loaded successfully
2026-05-15 00:03:19 - RAG_system.services.retrieval_service - [INFO] RetrievalService initialized successfully
2026-05-15 00:03:36 - RAG_system.services.retrieval_service - [INFO] Initializing RetrievalService...
2026-05-15 00:03:43 - RAG_system.services.reranker_service - [INFO] Loading reranker model: cross-encoder/ms-marco-MiniLM-L-6-v2...
2026-05-15 00:03:52 - RAG_system.services.reranker_service - [INFO] Reranker loaded successfully
2026-05-15 00:03:52 - RAG_system.services.retrieval_service - [INFO] RetrievalService initialized successfully
2026-05-15 00:04:07 - RAG_system.services.retrieval_service - [INFO] Initializing RetrievalService...
2026-05-15 00:04:14 - RAG_system.services.reranker_service - [INFO] Loading reranker model: cross-encoder/ms-marco-MiniLM-L-6-v2...
2026-05-15 00:04:23 - RAG_system.services.reranker_service - [INFO] Reranker loaded successfully
2026-05-15 00:04:23 - RAG_system.services.retrieval_service - [INFO] RetrievalService initialized successfully
2026-05-15 00:05:37 - RAG_system.services.retrieval_service - [INFO] Initializing RetrievalService...
2026-05-15 00:05:43 - RAG_system.services.retrieval_service - [INFO] Initializing RetrievalService...
2026-05-15 00:05:45 - RAG_system.services.reranker_service - [INFO] Loading reranker model: cross-encoder/ms-marco-MiniLM-L-6-v2...
2026-05-15 00:05:50 - RAG_system.services.reranker_service - [INFO] Loading reranker model: cross-encoder/ms-marco-MiniLM-L-6-v2...
2026-05-15 00:05:54 - RAG_system.services.reranker_service - [INFO] Reranker loaded successfully
2026-05-15 00:05:54 - RAG_system.services.retrieval_service - [INFO] RetrievalService initialized successfully
2026-05-15 00:05:59 - RAG_system.services.reranker_service - [INFO] Reranker loaded successfully
2026-05-15 00:05:59 - RAG_system.services.retrieval_service - [INFO] RetrievalService initialized successfully
2026-05-15 00:06:23 - RAG_system.services.retrieval_service - [INFO] Initializing RetrievalService...
2026-05-15 00:06:30 - RAG_system.services.reranker_service - [INFO] Loading reranker model: cross-encoder/ms-marco-MiniLM-L-6-v2...
2026-05-15 00:06:39 - RAG_system.services.reranker_service - [INFO] Reranker loaded successfully
2026-05-15 00:06:39 - RAG_system.services.retrieval_service - [INFO] RetrievalService initialized successfully
2026-05-15 00:07:43 - RAG_system.services.retrieval_service - [INFO] Starting search for: What are the key responsibilities of a UX Researcher at Meta?
2026-05-15 00:07:45 - RAG_system.services.retrieval_service - [DEBUG] Hybrid search returned 100 candidates
2026-05-15 00:07:45 - RAG_system.services.reranker_service - [DEBUG] Reranked 15 texts → top 5
2026-05-15 00:07:45 - RAG_system.services.retrieval_service - [DEBUG] Reranked 15 -> 5 results
2026-05-15 00:07:45 - RAG_system.services.retrieval_service - [INFO] Search completed: returned 5 results
2026-05-15 00:07:51 - RAG_system.services.retrieval_service - [INFO] Starting search for: What qualifications do I need for a senior level software engineer position at Meta?
2026-05-15 00:07:52 - RAG_system.services.retrieval_service - [DEBUG] Hybrid search returned 100 candidates
2026-05-15 00:07:52 - RAG_system.services.reranker_service - [DEBUG] Reranked 15 texts → top 5
2026-05-15 00:07:52 - RAG_system.services.retrieval_service - [DEBUG] Reranked 15 -> 5 results
2026-05-15 00:07:52 - RAG_system.services.retrieval_service - [INFO] Search completed: returned 5 results
2026-05-15 00:07:56 - RAG_system.services.retrieval_service - [INFO] Starting search for: What skills are required for a Product Design Engineer role at Apple?
2026-05-15 00:07:57 - RAG_system.services.retrieval_service - [DEBUG] Hybrid search returned 52 candidates
2026-05-15 00:07:57 - RAG_system.services.reranker_service - [DEBUG] Reranked 15 texts → top 5
2026-05-15 00:07:57 - RAG_system.services.retrieval_service - [DEBUG] Reranked 15 -> 5 results
2026-05-15 00:07:57 - RAG_system.services.retrieval_service - [INFO] Search completed: returned 5 results
2026-05-15 00:07:59 - RAG_system.services.retrieval_service - [INFO] Starting search for: Where is the senior quantitative UX researcher position at TikTok located?
2026-05-15 00:08:00 - RAG_system.services.retrieval_service - [DEBUG] Hybrid search returned 70 candidates
2026-05-15 00:08:00 - RAG_system.services.reranker_service - [DEBUG] Reranked 15 texts → top 5
2026-05-15 00:08:00 - RAG_system.services.retrieval_service - [DEBUG] Reranked 15 -> 5 results
2026-05-15 00:08:00 - RAG_system.services.retrieval_service - [INFO] Search completed: returned 5 results
2026-05-15 00:08:02 - RAG_system.services.retrieval_service - [INFO] Starting search for: What benefits does a Senior Product Designer at Walmart get?
2026-05-15 00:08:04 - RAG_system.services.retrieval_service - [DEBUG] Hybrid search returned 100 candidates
2026-05-15 00:08:04 - RAG_system.services.reranker_service - [DEBUG] Reranked 15 texts → top 5
2026-05-15 00:08:04 - RAG_system.services.retrieval_service - [DEBUG] Reranked 15 -> 5 results
2026-05-15 00:08:04 - RAG_system.services.retrieval_service - [INFO] Search completed: returned 5 results
2026-05-15 00:08:08 - RAG_system.services.retrieval_service - [INFO] Starting search for: Tell me about internship opportunities at Salesforce
2026-05-15 00:08:08 - RAG_system.services.retrieval_service - [DEBUG] Hybrid search returned 13 candidates
2026-05-15 00:08:08 - RAG_system.services.reranker_service - [DEBUG] Reranked 13 texts → top 5
2026-05-15 00:08:08 - RAG_system.services.retrieval_service - [DEBUG] Reranked 13 -> 5 results
2026-05-15 00:08:08 - RAG_system.services.retrieval_service - [INFO] Search completed: returned 5 results
2026-05-15 00:08:12 - RAG_system.services.retrieval_service - [INFO] Starting search for: What are the education requirements for data and analytics roles at JPMorgan Chase?
2026-05-15 00:08:13 - RAG_system.services.retrieval_service - [DEBUG] Hybrid search returned 100 candidates
2026-05-15 00:08:13 - RAG_system.services.reranker_service - [DEBUG] Reranked 15 texts → top 5
2026-05-15 00:08:13 - RAG_system.services.retrieval_service - [DEBUG] Reranked 15 -> 5 results
2026-05-15 00:08:13 - RAG_system.services.retrieval_service - [INFO] Search completed: returned 5 results
2026-05-15 00:08:14 - RAG_system.services.retrieval_service - [INFO] Starting search for: What is the salary range for vice president level positions in user experience at JPMorgan Chase?
2026-05-15 00:08:15 - RAG_system.services.retrieval_service - [DEBUG] Hybrid search returned 100 candidates
2026-05-15 00:08:15 - RAG_system.services.reranker_service - [DEBUG] Reranked 15 texts → top 5
2026-05-15 00:08:15 - RAG_system.services.retrieval_service - [DEBUG] Reranked 15 -> 5 results
2026-05-15 00:08:15 - RAG_system.services.retrieval_service - [INFO] Search completed: returned 5 results
2026-05-15 00:08:16 - RAG_system.services.retrieval_service - [INFO] Starting search for: What qualifications does a senior product designer at Robinhood need?
2026-05-15 00:08:18 - RAG_system.services.retrieval_service - [DEBUG] Hybrid search returned 100 candidates
2026-05-15 00:08:18 - RAG_system.services.reranker_service - [DEBUG] Reranked 15 texts → top 5
2026-05-15 00:08:18 - RAG_system.services.retrieval_service - [DEBUG] Reranked 15 -> 5 results
2026-05-15 00:08:18 - RAG_system.services.retrieval_service - [INFO] Search completed: returned 5 results
2026-05-15 00:08:21 - RAG_system.services.retrieval_service - [INFO] Starting search for: What are the main responsibilities of a solutions consultant at Palo Alto Networks?
2026-05-15 00:08:23 - RAG_system.services.retrieval_service - [DEBUG] Hybrid search returned 100 candidates
2026-05-15 00:08:23 - RAG_system.services.reranker_service - [DEBUG] Reranked 15 texts → top 5
2026-05-15 00:08:23 - RAG_system.services.retrieval_service - [DEBUG] Reranked 15 -> 5 results
2026-05-15 00:08:23 - RAG_system.services.retrieval_service - [INFO] Search completed: returned 5 results
2026-05-15 00:08:30 - RAG_system.services.retrieval_service - [INFO] Starting search for: What entry level sales positions are available at Power Home Remodeling?
2026-05-15 00:08:31 - RAG_system.services.retrieval_service - [DEBUG] Hybrid search returned 100 candidates
2026-05-15 00:08:31 - RAG_system.services.reranker_service - [DEBUG] Reranked 15 texts → top 5
2026-05-15 00:08:31 - RAG_system.services.retrieval_service - [DEBUG] Reranked 15 -> 5 results
2026-05-15 00:08:31 - RAG_system.services.retrieval_service - [INFO] Search completed: returned 5 results
2026-05-15 00:08:34 - RAG_system.services.retrieval_service - [INFO] Starting search for: Find me project manager roles at Kyndryl
2026-05-15 00:08:35 - RAG_system.services.retrieval_service - [DEBUG] Hybrid search returned 100 candidates
2026-05-15 00:08:35 - RAG_system.services.reranker_service - [DEBUG] Reranked 15 texts → top 5
2026-05-15 00:08:35 - RAG_system.services.retrieval_service - [DEBUG] Reranked 15 -> 5 results
2026-05-15 00:08:35 - RAG_system.services.retrieval_service - [INFO] Search completed: returned 5 results
2026-05-15 00:08:38 - RAG_system.services.retrieval_service - [INFO] Starting search for: Does Apple have product design engineer internships?
2026-05-15 00:08:39 - RAG_system.services.retrieval_service - [DEBUG] Hybrid search returned 52 candidates
2026-05-15 00:08:39 - RAG_system.services.reranker_service - [DEBUG] Reranked 15 texts → top 5
2026-05-15 00:08:39 - RAG_system.services.retrieval_service - [DEBUG] Reranked 15 -> 5 results
2026-05-15 00:08:39 - RAG_system.services.retrieval_service - [INFO] Search completed: returned 5 results
2026-05-15 00:08:42 - RAG_system.services.retrieval_service - [INFO] Starting search for: What content design roles are available at Meta?
2026-05-15 00:08:43 - RAG_system.services.retrieval_service - [DEBUG] Hybrid search returned 100 candidates
2026-05-15 00:08:43 - RAG_system.services.reranker_service - [DEBUG] Reranked 15 texts → top 5
2026-05-15 00:08:43 - RAG_system.services.retrieval_service - [DEBUG] Reranked 15 -> 5 results
2026-05-15 00:08:43 - RAG_system.services.retrieval_service - [INFO] Search completed: returned 5 results
2026-05-15 00:08:45 - RAG_system.services.retrieval_service - [INFO] Starting search for: What skills are needed for a cybersecurity engineer role at CrowdStrike?
2026-05-15 00:08:45 - RAG_system.services.retrieval_service - [DEBUG] Hybrid search returned 24 candidates
2026-05-15 00:08:46 - RAG_system.services.reranker_service - [DEBUG] Reranked 15 texts → top 5
2026-05-15 00:08:46 - RAG_system.services.retrieval_service - [DEBUG] Reranked 15 -> 5 results
2026-05-15 00:08:46 - RAG_system.services.retrieval_service - [INFO] Search completed: returned 5 results
2026-05-15 00:08:47 - RAG_system.services.retrieval_service - [INFO] Starting search for: What does a product marketing manager at TikTok in the travel industry do?
2026-05-15 00:08:49 - RAG_system.services.retrieval_service - [DEBUG] Hybrid search returned 100 candidates
2026-05-15 00:08:49 - RAG_system.services.reranker_service - [DEBUG] Reranked 15 texts → top 5
2026-05-15 00:08:49 - RAG_system.services.retrieval_service - [DEBUG] Reranked 15 -> 5 results
2026-05-15 00:08:49 - RAG_system.services.retrieval_service - [INFO] Search completed: returned 5 results
2026-05-15 00:08:51 - RAG_system.services.retrieval_service - [INFO] Starting search for: Tell me about senior level design roles at CVS Health
2026-05-15 00:08:52 - RAG_system.services.retrieval_service - [DEBUG] Hybrid search returned 100 candidates
2026-05-15 00:08:52 - RAG_system.services.reranker_service - [DEBUG] Reranked 15 texts → top 5
2026-05-15 00:08:52 - RAG_system.services.retrieval_service - [DEBUG] Reranked 15 -> 5 results
2026-05-15 00:08:52 - RAG_system.services.retrieval_service - [INFO] Search completed: returned 5 results
2026-05-15 00:08:56 - RAG_system.services.retrieval_service - [INFO] Starting search for: What account executive positions are available at Samsara?
2026-05-15 00:08:58 - RAG_system.services.retrieval_service - [DEBUG] Hybrid search returned 100 candidates
2026-05-15 00:08:58 - RAG_system.services.reranker_service - [DEBUG] Reranked 15 texts → top 5
2026-05-15 00:08:58 - RAG_system.services.retrieval_service - [DEBUG] Reranked 15 -> 5 results
2026-05-15 00:08:58 - RAG_system.services.retrieval_service - [INFO] Search completed: returned 5 results
2026-05-15 00:09:02 - RAG_system.services.retrieval_service - [INFO] Starting search for: What content designer roles are available at TikTok?
2026-05-15 00:09:04 - RAG_system.services.retrieval_service - [DEBUG] Hybrid search returned 100 candidates
2026-05-15 00:09:04 - RAG_system.services.reranker_service - [DEBUG] Reranked 15 texts → top 5
2026-05-15 00:09:04 - RAG_system.services.retrieval_service - [DEBUG] Reranked 15 -> 5 results
2026-05-15 00:09:04 - RAG_system.services.retrieval_service - [INFO] Search completed: returned 5 results
2026-05-15 00:09:09 - RAG_system.services.retrieval_service - [INFO] Starting search for: Find me ML engineer and AI research positions at TikTok
2026-05-15 00:09:10 - RAG_system.services.retrieval_service - [DEBUG] Hybrid search returned 100 candidates
2026-05-15 00:09:10 - RAG_system.services.reranker_service - [DEBUG] Reranked 15 texts → top 5
2026-05-15 00:09:10 - RAG_system.services.retrieval_service - [DEBUG] Reranked 15 -> 5 results
2026-05-15 00:09:10 - RAG_system.services.retrieval_service - [INFO] Search completed: returned 5 results
2026-05-15 00:44:48 - RAG_system.services.retrieval_service - [INFO] Starting search for: What are the key responsibilities of a UX Researcher at Meta?
2026-05-15 00:44:48 - RAG_system.services.retrieval_service - [ERROR] Search failed: Unexpected Response: 400 (Bad Request)
Raw response content:
b'{"status":{"error":"Wrong input: Vector dimension error: expected dim: 768, got 384"},"time":0.00033559}'
Traceback (most recent call last):
  File "/home/banid/projects/Leapfrog_Assignment/RAG_system/services/retrieval_service.py", line 152, in search
    logger.debug(f"Hybrid search returned {len(hybrid_candidates)} candidates")
                        ^^^^^^^^^^^^^^^^^^^^^^^^^^^^^^^^^^^^^^^^^^^^^^^^^^^^^^^
  File "/home/banid/projects/Leapfrog_Assignment/RAG_system/services/vector_search_service.py", line 50, in hybrid_search
    dense_response = self.client.query_points(
                     ^^^^^^^^^^^^^^^^^^^^^^^^^
  File "/home/banid/projects/Leapfrog_Assignment/.venv/lib/python3.12/site-packages/qdrant_client/qdrant_client.py", line 423, in query_points
    return self._client.query_points(
           ^^^^^^^^^^^^^^^^^^^^^^^^^^
  File "/home/banid/projects/Leapfrog_Assignment/.venv/lib/python3.12/site-packages/qdrant_client/qdrant_remote.py", line 583, in query_points
    query_result = self.http.search_api.query_points(
                   ^^^^^^^^^^^^^^^^^^^^^^^^^^^^^^^^^^
  File "/home/banid/projects/Leapfrog_Assignment/.venv/lib/python3.12/site-packages/qdrant_client/http/api/search_api.py", line 783, in query_points
    return self._build_for_query_points(
           ^^^^^^^^^^^^^^^^^^^^^^^^^^^^^
  File "/home/banid/projects/Leapfrog_Assignment/.venv/lib/python3.12/site-packages/qdrant_client/http/api/search_api.py", line 181, in _build_for_query_points
    return self.api_client.request(
           ^^^^^^^^^^^^^^^^^^^^^^^^
  File "/home/banid/projects/Leapfrog_Assignment/.venv/lib/python3.12/site-packages/qdrant_client/http/api_client.py", line 95, in request
    return self.send(request, type_)
           ^^^^^^^^^^^^^^^^^^^^^^^^^
  File "/home/banid/projects/Leapfrog_Assignment/.venv/lib/python3.12/site-packages/qdrant_client/http/api_client.py", line 130, in send
    raise UnexpectedResponse.for_response(response)
qdrant_client.http.exceptions.UnexpectedResponse: Unexpected Response: 400 (Bad Request)
Raw response content:
b'{"status":{"error":"Wrong input: Vector dimension error: expected dim: 768, got 384"},"time":0.00033559}'
2026-05-15 00:44:49 - RAG_system.services.retrieval_service - [INFO] Starting search for: What are the key responsibilities of a UX Researcher at Meta?
2026-05-15 00:44:50 - RAG_system.services.retrieval_service - [ERROR] Search failed: Unexpected Response: 400 (Bad Request)
Raw response content:
b'{"status":{"error":"Wrong input: Vector dimension error: expected dim: 768, got 384"},"time":0.000165744}'
Traceback (most recent call last):
  File "/home/banid/projects/Leapfrog_Assignment/RAG_system/services/retrieval_service.py", line 152, in search
    logger.debug(f"Hybrid search returned {len(hybrid_candidates)} candidates")
                        ^^^^^^^^^^^^^^^^^^^^^^^^^^^^^^^^^^^^^^^^^^^^^^^^^^^^^^^
  File "/home/banid/projects/Leapfrog_Assignment/RAG_system/services/vector_search_service.py", line 50, in hybrid_search
    dense_response = self.client.query_points(
                     ^^^^^^^^^^^^^^^^^^^^^^^^^
  File "/home/banid/projects/Leapfrog_Assignment/.venv/lib/python3.12/site-packages/qdrant_client/qdrant_client.py", line 423, in query_points
    return self._client.query_points(
           ^^^^^^^^^^^^^^^^^^^^^^^^^^
  File "/home/banid/projects/Leapfrog_Assignment/.venv/lib/python3.12/site-packages/qdrant_client/qdrant_remote.py", line 583, in query_points
    query_result = self.http.search_api.query_points(
                   ^^^^^^^^^^^^^^^^^^^^^^^^^^^^^^^^^^
  File "/home/banid/projects/Leapfrog_Assignment/.venv/lib/python3.12/site-packages/qdrant_client/http/api/search_api.py", line 783, in query_points
    return self._build_for_query_points(
           ^^^^^^^^^^^^^^^^^^^^^^^^^^^^^
  File "/home/banid/projects/Leapfrog_Assignment/.venv/lib/python3.12/site-packages/qdrant_client/http/api/search_api.py", line 181, in _build_for_query_points
    return self.api_client.request(
           ^^^^^^^^^^^^^^^^^^^^^^^^
  File "/home/banid/projects/Leapfrog_Assignment/.venv/lib/python3.12/site-packages/qdrant_client/http/api_client.py", line 95, in request
    return self.send(request, type_)
           ^^^^^^^^^^^^^^^^^^^^^^^^^
  File "/home/banid/projects/Leapfrog_Assignment/.venv/lib/python3.12/site-packages/qdrant_client/http/api_client.py", line 130, in send
    raise UnexpectedResponse.for_response(response)
qdrant_client.http.exceptions.UnexpectedResponse: Unexpected Response: 400 (Bad Request)
Raw response content:
b'{"status":{"error":"Wrong input: Vector dimension error: expected dim: 768, got 384"},"time":0.000165744}'
2026-05-15 00:44:52 - RAG_system.services.retrieval_service - [INFO] Starting search for: What are the key responsibilities of a UX Researcher at Meta?
2026-05-15 00:44:52 - RAG_system.services.retrieval_service - [ERROR] Search failed: Unexpected Response: 400 (Bad Request)
Raw response content:
b'{"status":{"error":"Wrong input: Vector dimension error: expected dim: 768, got 384"},"time":0.000176697}'
Traceback (most recent call last):
  File "/home/banid/projects/Leapfrog_Assignment/RAG_system/services/retrieval_service.py", line 152, in search
    logger.debug(f"Hybrid search returned {len(hybrid_candidates)} candidates")
                        ^^^^^^^^^^^^^^^^^^^^^^^^^^^^^^^^^^^^^^^^^^^^^^^^^^^^^^^
  File "/home/banid/projects/Leapfrog_Assignment/RAG_system/services/vector_search_service.py", line 50, in hybrid_search
    dense_response = self.client.query_points(
                     ^^^^^^^^^^^^^^^^^^^^^^^^^
  File "/home/banid/projects/Leapfrog_Assignment/.venv/lib/python3.12/site-packages/qdrant_client/qdrant_client.py", line 423, in query_points
    return self._client.query_points(
           ^^^^^^^^^^^^^^^^^^^^^^^^^^
  File "/home/banid/projects/Leapfrog_Assignment/.venv/lib/python3.12/site-packages/qdrant_client/qdrant_remote.py", line 583, in query_points
    query_result = self.http.search_api.query_points(
                   ^^^^^^^^^^^^^^^^^^^^^^^^^^^^^^^^^^
  File "/home/banid/projects/Leapfrog_Assignment/.venv/lib/python3.12/site-packages/qdrant_client/http/api/search_api.py", line 783, in query_points
    return self._build_for_query_points(
           ^^^^^^^^^^^^^^^^^^^^^^^^^^^^^
  File "/home/banid/projects/Leapfrog_Assignment/.venv/lib/python3.12/site-packages/qdrant_client/http/api/search_api.py", line 181, in _build_for_query_points
    return self.api_client.request(
           ^^^^^^^^^^^^^^^^^^^^^^^^
  File "/home/banid/projects/Leapfrog_Assignment/.venv/lib/python3.12/site-packages/qdrant_client/http/api_client.py", line 95, in request
    return self.send(request, type_)
           ^^^^^^^^^^^^^^^^^^^^^^^^^
  File "/home/banid/projects/Leapfrog_Assignment/.venv/lib/python3.12/site-packages/qdrant_client/http/api_client.py", line 130, in send
    raise UnexpectedResponse.for_response(response)
qdrant_client.http.exceptions.UnexpectedResponse: Unexpected Response: 400 (Bad Request)
Raw response content:
b'{"status":{"error":"Wrong input: Vector dimension error: expected dim: 768, got 384"},"time":0.000176697}'
2026-05-15 00:44:57 - RAG_system.services.retrieval_service - [INFO] Starting search for: What qualifications do I need for a senior level software engineer position at Meta?
2026-05-15 00:44:58 - RAG_system.services.retrieval_service - [ERROR] Search failed: Unexpected Response: 400 (Bad Request)
Raw response content:
b'{"status":{"error":"Wrong input: Vector dimension error: expected dim: 768, got 384"},"time":0.00017161}'
Traceback (most recent call last):
  File "/home/banid/projects/Leapfrog_Assignment/RAG_system/services/retrieval_service.py", line 152, in search
    logger.debug(f"Hybrid search returned {len(hybrid_candidates)} candidates")
                        ^^^^^^^^^^^^^^^^^^^^^^^^^^^^^^^^^^^^^^^^^^^^^^^^^^^^^^^
  File "/home/banid/projects/Leapfrog_Assignment/RAG_system/services/vector_search_service.py", line 50, in hybrid_search
    dense_response = self.client.query_points(
                     ^^^^^^^^^^^^^^^^^^^^^^^^^
  File "/home/banid/projects/Leapfrog_Assignment/.venv/lib/python3.12/site-packages/qdrant_client/qdrant_client.py", line 423, in query_points
    return self._client.query_points(
           ^^^^^^^^^^^^^^^^^^^^^^^^^^
  File "/home/banid/projects/Leapfrog_Assignment/.venv/lib/python3.12/site-packages/qdrant_client/qdrant_remote.py", line 583, in query_points
    query_result = self.http.search_api.query_points(
                   ^^^^^^^^^^^^^^^^^^^^^^^^^^^^^^^^^^
  File "/home/banid/projects/Leapfrog_Assignment/.venv/lib/python3.12/site-packages/qdrant_client/http/api/search_api.py", line 783, in query_points
    return self._build_for_query_points(
           ^^^^^^^^^^^^^^^^^^^^^^^^^^^^^
  File "/home/banid/projects/Leapfrog_Assignment/.venv/lib/python3.12/site-packages/qdrant_client/http/api/search_api.py", line 181, in _build_for_query_points
    return self.api_client.request(
           ^^^^^^^^^^^^^^^^^^^^^^^^
  File "/home/banid/projects/Leapfrog_Assignment/.venv/lib/python3.12/site-packages/qdrant_client/http/api_client.py", line 95, in request
    return self.send(request, type_)
           ^^^^^^^^^^^^^^^^^^^^^^^^^
  File "/home/banid/projects/Leapfrog_Assignment/.venv/lib/python3.12/site-packages/qdrant_client/http/api_client.py", line 130, in send
    raise UnexpectedResponse.for_response(response)
qdrant_client.http.exceptions.UnexpectedResponse: Unexpected Response: 400 (Bad Request)
Raw response content:
b'{"status":{"error":"Wrong input: Vector dimension error: expected dim: 768, got 384"},"time":0.00017161}'
2026-05-15 00:44:59 - RAG_system.services.retrieval_service - [INFO] Starting search for: What qualifications do I need for a senior level software engineer position at Meta?
2026-05-15 00:44:59 - RAG_system.services.retrieval_service - [ERROR] Search failed: Unexpected Response: 400 (Bad Request)
Raw response content:
b'{"status":{"error":"Wrong input: Vector dimension error: expected dim: 768, got 384"},"time":0.000171955}'
Traceback (most recent call last):
  File "/home/banid/projects/Leapfrog_Assignment/RAG_system/services/retrieval_service.py", line 152, in search
    logger.debug(f"Hybrid search returned {len(hybrid_candidates)} candidates")
                        ^^^^^^^^^^^^^^^^^^^^^^^^^^^^^^^^^^^^^^^^^^^^^^^^^^^^^^^
  File "/home/banid/projects/Leapfrog_Assignment/RAG_system/services/vector_search_service.py", line 50, in hybrid_search
    dense_response = self.client.query_points(
                     ^^^^^^^^^^^^^^^^^^^^^^^^^
  File "/home/banid/projects/Leapfrog_Assignment/.venv/lib/python3.12/site-packages/qdrant_client/qdrant_client.py", line 423, in query_points
    return self._client.query_points(
           ^^^^^^^^^^^^^^^^^^^^^^^^^^
  File "/home/banid/projects/Leapfrog_Assignment/.venv/lib/python3.12/site-packages/qdrant_client/qdrant_remote.py", line 583, in query_points
    query_result = self.http.search_api.query_points(
                   ^^^^^^^^^^^^^^^^^^^^^^^^^^^^^^^^^^
  File "/home/banid/projects/Leapfrog_Assignment/.venv/lib/python3.12/site-packages/qdrant_client/http/api/search_api.py", line 783, in query_points
    return self._build_for_query_points(
           ^^^^^^^^^^^^^^^^^^^^^^^^^^^^^
  File "/home/banid/projects/Leapfrog_Assignment/.venv/lib/python3.12/site-packages/qdrant_client/http/api/search_api.py", line 181, in _build_for_query_points
    return self.api_client.request(
           ^^^^^^^^^^^^^^^^^^^^^^^^
  File "/home/banid/projects/Leapfrog_Assignment/.venv/lib/python3.12/site-packages/qdrant_client/http/api_client.py", line 95, in request
    return self.send(request, type_)
           ^^^^^^^^^^^^^^^^^^^^^^^^^
  File "/home/banid/projects/Leapfrog_Assignment/.venv/lib/python3.12/site-packages/qdrant_client/http/api_client.py", line 130, in send
    raise UnexpectedResponse.for_response(response)
qdrant_client.http.exceptions.UnexpectedResponse: Unexpected Response: 400 (Bad Request)
Raw response content:
b'{"status":{"error":"Wrong input: Vector dimension error: expected dim: 768, got 384"},"time":0.000171955}'
2026-05-15 00:45:01 - RAG_system.services.retrieval_service - [INFO] Starting search for: What qualifications do I need for a senior level software engineer position at Meta?
2026-05-15 00:45:01 - RAG_system.services.retrieval_service - [ERROR] Search failed: Unexpected Response: 400 (Bad Request)
Raw response content:
b'{"status":{"error":"Wrong input: Vector dimension error: expected dim: 768, got 384"},"time":0.0001755}'
Traceback (most recent call last):
  File "/home/banid/projects/Leapfrog_Assignment/RAG_system/services/retrieval_service.py", line 152, in search
    logger.debug(f"Hybrid search returned {len(hybrid_candidates)} candidates")
                        ^^^^^^^^^^^^^^^^^^^^^^^^^^^^^^^^^^^^^^^^^^^^^^^^^^^^^^^
  File "/home/banid/projects/Leapfrog_Assignment/RAG_system/services/vector_search_service.py", line 50, in hybrid_search
    dense_response = self.client.query_points(
                     ^^^^^^^^^^^^^^^^^^^^^^^^^
  File "/home/banid/projects/Leapfrog_Assignment/.venv/lib/python3.12/site-packages/qdrant_client/qdrant_client.py", line 423, in query_points
    return self._client.query_points(
           ^^^^^^^^^^^^^^^^^^^^^^^^^^
  File "/home/banid/projects/Leapfrog_Assignment/.venv/lib/python3.12/site-packages/qdrant_client/qdrant_remote.py", line 583, in query_points
    query_result = self.http.search_api.query_points(
                   ^^^^^^^^^^^^^^^^^^^^^^^^^^^^^^^^^^
  File "/home/banid/projects/Leapfrog_Assignment/.venv/lib/python3.12/site-packages/qdrant_client/http/api/search_api.py", line 783, in query_points
    return self._build_for_query_points(
           ^^^^^^^^^^^^^^^^^^^^^^^^^^^^^
  File "/home/banid/projects/Leapfrog_Assignment/.venv/lib/python3.12/site-packages/qdrant_client/http/api/search_api.py", line 181, in _build_for_query_points
    return self.api_client.request(
           ^^^^^^^^^^^^^^^^^^^^^^^^
  File "/home/banid/projects/Leapfrog_Assignment/.venv/lib/python3.12/site-packages/qdrant_client/http/api_client.py", line 95, in request
    return self.send(request, type_)
           ^^^^^^^^^^^^^^^^^^^^^^^^^
  File "/home/banid/projects/Leapfrog_Assignment/.venv/lib/python3.12/site-packages/qdrant_client/http/api_client.py", line 130, in send
    raise UnexpectedResponse.for_response(response)
qdrant_client.http.exceptions.UnexpectedResponse: Unexpected Response: 400 (Bad Request)
Raw response content:
b'{"status":{"error":"Wrong input: Vector dimension error: expected dim: 768, got 384"},"time":0.0001755}'
2026-05-15 00:45:05 - RAG_system.services.retrieval_service - [INFO] Starting search for: What skills are required for a Product Design Engineer role at Apple?
2026-05-15 00:45:05 - RAG_system.services.retrieval_service - [ERROR] Search failed: Unexpected Response: 400 (Bad Request)
Raw response content:
b'{"status":{"error":"Wrong input: Vector dimension error: expected dim: 768, got 384"},"time":0.000181333}'
Traceback (most recent call last):
  File "/home/banid/projects/Leapfrog_Assignment/RAG_system/services/retrieval_service.py", line 152, in search
    logger.debug(f"Hybrid search returned {len(hybrid_candidates)} candidates")
                        ^^^^^^^^^^^^^^^^^^^^^^^^^^^^^^^^^^^^^^^^^^^^^^^^^^^^^^^
  File "/home/banid/projects/Leapfrog_Assignment/RAG_system/services/vector_search_service.py", line 50, in hybrid_search
    dense_response = self.client.query_points(
                     ^^^^^^^^^^^^^^^^^^^^^^^^^
  File "/home/banid/projects/Leapfrog_Assignment/.venv/lib/python3.12/site-packages/qdrant_client/qdrant_client.py", line 423, in query_points
    return self._client.query_points(
           ^^^^^^^^^^^^^^^^^^^^^^^^^^
  File "/home/banid/projects/Leapfrog_Assignment/.venv/lib/python3.12/site-packages/qdrant_client/qdrant_remote.py", line 583, in query_points
    query_result = self.http.search_api.query_points(
                   ^^^^^^^^^^^^^^^^^^^^^^^^^^^^^^^^^^
  File "/home/banid/projects/Leapfrog_Assignment/.venv/lib/python3.12/site-packages/qdrant_client/http/api/search_api.py", line 783, in query_points
    return self._build_for_query_points(
           ^^^^^^^^^^^^^^^^^^^^^^^^^^^^^
  File "/home/banid/projects/Leapfrog_Assignment/.venv/lib/python3.12/site-packages/qdrant_client/http/api/search_api.py", line 181, in _build_for_query_points
    return self.api_client.request(
           ^^^^^^^^^^^^^^^^^^^^^^^^
  File "/home/banid/projects/Leapfrog_Assignment/.venv/lib/python3.12/site-packages/qdrant_client/http/api_client.py", line 95, in request
    return self.send(request, type_)
           ^^^^^^^^^^^^^^^^^^^^^^^^^
  File "/home/banid/projects/Leapfrog_Assignment/.venv/lib/python3.12/site-packages/qdrant_client/http/api_client.py", line 130, in send
    raise UnexpectedResponse.for_response(response)
qdrant_client.http.exceptions.UnexpectedResponse: Unexpected Response: 400 (Bad Request)
Raw response content:
b'{"status":{"error":"Wrong input: Vector dimension error: expected dim: 768, got 384"},"time":0.000181333}'
2026-05-15 00:45:06 - RAG_system.services.retrieval_service - [INFO] Starting search for: What skills are required for a Product Design Engineer role at Apple?
2026-05-15 00:45:07 - RAG_system.services.retrieval_service - [ERROR] Search failed: Unexpected Response: 400 (Bad Request)
Raw response content:
b'{"status":{"error":"Wrong input: Vector dimension error: expected dim: 768, got 384"},"time":0.000196578}'
Traceback (most recent call last):
  File "/home/banid/projects/Leapfrog_Assignment/RAG_system/services/retrieval_service.py", line 152, in search
    logger.debug(f"Hybrid search returned {len(hybrid_candidates)} candidates")
                        ^^^^^^^^^^^^^^^^^^^^^^^^^^^^^^^^^^^^^^^^^^^^^^^^^^^^^^^
  File "/home/banid/projects/Leapfrog_Assignment/RAG_system/services/vector_search_service.py", line 50, in hybrid_search
    dense_response = self.client.query_points(
                     ^^^^^^^^^^^^^^^^^^^^^^^^^
  File "/home/banid/projects/Leapfrog_Assignment/.venv/lib/python3.12/site-packages/qdrant_client/qdrant_client.py", line 423, in query_points
    return self._client.query_points(
           ^^^^^^^^^^^^^^^^^^^^^^^^^^
  File "/home/banid/projects/Leapfrog_Assignment/.venv/lib/python3.12/site-packages/qdrant_client/qdrant_remote.py", line 583, in query_points
    query_result = self.http.search_api.query_points(
                   ^^^^^^^^^^^^^^^^^^^^^^^^^^^^^^^^^^
  File "/home/banid/projects/Leapfrog_Assignment/.venv/lib/python3.12/site-packages/qdrant_client/http/api/search_api.py", line 783, in query_points
    return self._build_for_query_points(
           ^^^^^^^^^^^^^^^^^^^^^^^^^^^^^
  File "/home/banid/projects/Leapfrog_Assignment/.venv/lib/python3.12/site-packages/qdrant_client/http/api/search_api.py", line 181, in _build_for_query_points
    return self.api_client.request(
           ^^^^^^^^^^^^^^^^^^^^^^^^
  File "/home/banid/projects/Leapfrog_Assignment/.venv/lib/python3.12/site-packages/qdrant_client/http/api_client.py", line 95, in request
    return self.send(request, type_)
           ^^^^^^^^^^^^^^^^^^^^^^^^^
  File "/home/banid/projects/Leapfrog_Assignment/.venv/lib/python3.12/site-packages/qdrant_client/http/api_client.py", line 130, in send
    raise UnexpectedResponse.for_response(response)
qdrant_client.http.exceptions.UnexpectedResponse: Unexpected Response: 400 (Bad Request)
Raw response content:
b'{"status":{"error":"Wrong input: Vector dimension error: expected dim: 768, got 384"},"time":0.000196578}'
2026-05-15 00:45:09 - RAG_system.services.retrieval_service - [INFO] Starting search for: What skills are required for a Product Design Engineer role at Apple?
2026-05-15 00:45:09 - RAG_system.services.retrieval_service - [ERROR] Search failed: Unexpected Response: 400 (Bad Request)
Raw response content:
b'{"status":{"error":"Wrong input: Vector dimension error: expected dim: 768, got 384"},"time":0.000177625}'
Traceback (most recent call last):
  File "/home/banid/projects/Leapfrog_Assignment/RAG_system/services/retrieval_service.py", line 152, in search
    logger.debug(f"Hybrid search returned {len(hybrid_candidates)} candidates")
                        ^^^^^^^^^^^^^^^^^^^^^^^^^^^^^^^^^^^^^^^^^^^^^^^^^^^^^^^
  File "/home/banid/projects/Leapfrog_Assignment/RAG_system/services/vector_search_service.py", line 50, in hybrid_search
    dense_response = self.client.query_points(
                     ^^^^^^^^^^^^^^^^^^^^^^^^^
  File "/home/banid/projects/Leapfrog_Assignment/.venv/lib/python3.12/site-packages/qdrant_client/qdrant_client.py", line 423, in query_points
    return self._client.query_points(
           ^^^^^^^^^^^^^^^^^^^^^^^^^^
  File "/home/banid/projects/Leapfrog_Assignment/.venv/lib/python3.12/site-packages/qdrant_client/qdrant_remote.py", line 583, in query_points
    query_result = self.http.search_api.query_points(
                   ^^^^^^^^^^^^^^^^^^^^^^^^^^^^^^^^^^
  File "/home/banid/projects/Leapfrog_Assignment/.venv/lib/python3.12/site-packages/qdrant_client/http/api/search_api.py", line 783, in query_points
    return self._build_for_query_points(
           ^^^^^^^^^^^^^^^^^^^^^^^^^^^^^
  File "/home/banid/projects/Leapfrog_Assignment/.venv/lib/python3.12/site-packages/qdrant_client/http/api/search_api.py", line 181, in _build_for_query_points
    return self.api_client.request(
           ^^^^^^^^^^^^^^^^^^^^^^^^
  File "/home/banid/projects/Leapfrog_Assignment/.venv/lib/python3.12/site-packages/qdrant_client/http/api_client.py", line 95, in request
    return self.send(request, type_)
           ^^^^^^^^^^^^^^^^^^^^^^^^^
  File "/home/banid/projects/Leapfrog_Assignment/.venv/lib/python3.12/site-packages/qdrant_client/http/api_client.py", line 130, in send
    raise UnexpectedResponse.for_response(response)
qdrant_client.http.exceptions.UnexpectedResponse: Unexpected Response: 400 (Bad Request)
Raw response content:
b'{"status":{"error":"Wrong input: Vector dimension error: expected dim: 768, got 384"},"time":0.000177625}'
2026-05-15 00:45:13 - RAG_system.services.retrieval_service - [INFO] Starting search for: Where is the senior quantitative UX researcher position at TikTok located?
2026-05-15 00:45:13 - RAG_system.services.retrieval_service - [ERROR] Search failed: Unexpected Response: 400 (Bad Request)
Raw response content:
b'{"status":{"error":"Wrong input: Vector dimension error: expected dim: 768, got 384"},"time":0.000179783}'
Traceback (most recent call last):
  File "/home/banid/projects/Leapfrog_Assignment/RAG_system/services/retrieval_service.py", line 152, in search
    logger.debug(f"Hybrid search returned {len(hybrid_candidates)} candidates")
                        ^^^^^^^^^^^^^^^^^^^^^^^^^^^^^^^^^^^^^^^^^^^^^^^^^^^^^^^
  File "/home/banid/projects/Leapfrog_Assignment/RAG_system/services/vector_search_service.py", line 50, in hybrid_search
    dense_response = self.client.query_points(
                     ^^^^^^^^^^^^^^^^^^^^^^^^^
  File "/home/banid/projects/Leapfrog_Assignment/.venv/lib/python3.12/site-packages/qdrant_client/qdrant_client.py", line 423, in query_points
    return self._client.query_points(
           ^^^^^^^^^^^^^^^^^^^^^^^^^^
  File "/home/banid/projects/Leapfrog_Assignment/.venv/lib/python3.12/site-packages/qdrant_client/qdrant_remote.py", line 583, in query_points
    query_result = self.http.search_api.query_points(
                   ^^^^^^^^^^^^^^^^^^^^^^^^^^^^^^^^^^
  File "/home/banid/projects/Leapfrog_Assignment/.venv/lib/python3.12/site-packages/qdrant_client/http/api/search_api.py", line 783, in query_points
    return self._build_for_query_points(
           ^^^^^^^^^^^^^^^^^^^^^^^^^^^^^
  File "/home/banid/projects/Leapfrog_Assignment/.venv/lib/python3.12/site-packages/qdrant_client/http/api/search_api.py", line 181, in _build_for_query_points
    return self.api_client.request(
           ^^^^^^^^^^^^^^^^^^^^^^^^
  File "/home/banid/projects/Leapfrog_Assignment/.venv/lib/python3.12/site-packages/qdrant_client/http/api_client.py", line 95, in request
    return self.send(request, type_)
           ^^^^^^^^^^^^^^^^^^^^^^^^^
  File "/home/banid/projects/Leapfrog_Assignment/.venv/lib/python3.12/site-packages/qdrant_client/http/api_client.py", line 130, in send
    raise UnexpectedResponse.for_response(response)
qdrant_client.http.exceptions.UnexpectedResponse: Unexpected Response: 400 (Bad Request)
Raw response content:
b'{"status":{"error":"Wrong input: Vector dimension error: expected dim: 768, got 384"},"time":0.000179783}'
2026-05-15 00:45:14 - RAG_system.services.retrieval_service - [INFO] Starting search for: Where is the senior quantitative UX researcher position at TikTok located?
2026-05-15 00:45:14 - RAG_system.services.retrieval_service - [ERROR] Search failed: Unexpected Response: 400 (Bad Request)
Raw response content:
b'{"status":{"error":"Wrong input: Vector dimension error: expected dim: 768, got 384"},"time":0.000175861}'
Traceback (most recent call last):
  File "/home/banid/projects/Leapfrog_Assignment/RAG_system/services/retrieval_service.py", line 152, in search
    logger.debug(f"Hybrid search returned {len(hybrid_candidates)} candidates")
                        ^^^^^^^^^^^^^^^^^^^^^^^^^^^^^^^^^^^^^^^^^^^^^^^^^^^^^^^
  File "/home/banid/projects/Leapfrog_Assignment/RAG_system/services/vector_search_service.py", line 50, in hybrid_search
    dense_response = self.client.query_points(
                     ^^^^^^^^^^^^^^^^^^^^^^^^^
  File "/home/banid/projects/Leapfrog_Assignment/.venv/lib/python3.12/site-packages/qdrant_client/qdrant_client.py", line 423, in query_points
    return self._client.query_points(
           ^^^^^^^^^^^^^^^^^^^^^^^^^^
  File "/home/banid/projects/Leapfrog_Assignment/.venv/lib/python3.12/site-packages/qdrant_client/qdrant_remote.py", line 583, in query_points
    query_result = self.http.search_api.query_points(
                   ^^^^^^^^^^^^^^^^^^^^^^^^^^^^^^^^^^
  File "/home/banid/projects/Leapfrog_Assignment/.venv/lib/python3.12/site-packages/qdrant_client/http/api/search_api.py", line 783, in query_points
    return self._build_for_query_points(
           ^^^^^^^^^^^^^^^^^^^^^^^^^^^^^
  File "/home/banid/projects/Leapfrog_Assignment/.venv/lib/python3.12/site-packages/qdrant_client/http/api/search_api.py", line 181, in _build_for_query_points
    return self.api_client.request(
           ^^^^^^^^^^^^^^^^^^^^^^^^
  File "/home/banid/projects/Leapfrog_Assignment/.venv/lib/python3.12/site-packages/qdrant_client/http/api_client.py", line 95, in request
    return self.send(request, type_)
           ^^^^^^^^^^^^^^^^^^^^^^^^^
  File "/home/banid/projects/Leapfrog_Assignment/.venv/lib/python3.12/site-packages/qdrant_client/http/api_client.py", line 130, in send
    raise UnexpectedResponse.for_response(response)
qdrant_client.http.exceptions.UnexpectedResponse: Unexpected Response: 400 (Bad Request)
Raw response content:
b'{"status":{"error":"Wrong input: Vector dimension error: expected dim: 768, got 384"},"time":0.000175861}'
2026-05-15 00:45:16 - RAG_system.services.retrieval_service - [INFO] Starting search for: Where is the senior quantitative UX researcher position at TikTok located?
2026-05-15 00:45:16 - RAG_system.services.retrieval_service - [ERROR] Search failed: Unexpected Response: 400 (Bad Request)
Raw response content:
b'{"status":{"error":"Wrong input: Vector dimension error: expected dim: 768, got 384"},"time":0.000204866}'
Traceback (most recent call last):
  File "/home/banid/projects/Leapfrog_Assignment/RAG_system/services/retrieval_service.py", line 152, in search
    logger.debug(f"Hybrid search returned {len(hybrid_candidates)} candidates")
                        ^^^^^^^^^^^^^^^^^^^^^^^^^^^^^^^^^^^^^^^^^^^^^^^^^^^^^^^
  File "/home/banid/projects/Leapfrog_Assignment/RAG_system/services/vector_search_service.py", line 50, in hybrid_search
    dense_response = self.client.query_points(
                     ^^^^^^^^^^^^^^^^^^^^^^^^^
  File "/home/banid/projects/Leapfrog_Assignment/.venv/lib/python3.12/site-packages/qdrant_client/qdrant_client.py", line 423, in query_points
    return self._client.query_points(
           ^^^^^^^^^^^^^^^^^^^^^^^^^^
  File "/home/banid/projects/Leapfrog_Assignment/.venv/lib/python3.12/site-packages/qdrant_client/qdrant_remote.py", line 583, in query_points
    query_result = self.http.search_api.query_points(
                   ^^^^^^^^^^^^^^^^^^^^^^^^^^^^^^^^^^
  File "/home/banid/projects/Leapfrog_Assignment/.venv/lib/python3.12/site-packages/qdrant_client/http/api/search_api.py", line 783, in query_points
    return self._build_for_query_points(
           ^^^^^^^^^^^^^^^^^^^^^^^^^^^^^
  File "/home/banid/projects/Leapfrog_Assignment/.venv/lib/python3.12/site-packages/qdrant_client/http/api/search_api.py", line 181, in _build_for_query_points
    return self.api_client.request(
           ^^^^^^^^^^^^^^^^^^^^^^^^
  File "/home/banid/projects/Leapfrog_Assignment/.venv/lib/python3.12/site-packages/qdrant_client/http/api_client.py", line 95, in request
    return self.send(request, type_)
           ^^^^^^^^^^^^^^^^^^^^^^^^^
  File "/home/banid/projects/Leapfrog_Assignment/.venv/lib/python3.12/site-packages/qdrant_client/http/api_client.py", line 130, in send
    raise UnexpectedResponse.for_response(response)
qdrant_client.http.exceptions.UnexpectedResponse: Unexpected Response: 400 (Bad Request)
Raw response content:
b'{"status":{"error":"Wrong input: Vector dimension error: expected dim: 768, got 384"},"time":0.000204866}'
2026-05-15 00:45:20 - RAG_system.services.retrieval_service - [INFO] Starting search for: What benefits does a Senior Product Designer at Walmart get?
2026-05-15 00:45:21 - RAG_system.services.retrieval_service - [ERROR] Search failed: Unexpected Response: 400 (Bad Request)
Raw response content:
b'{"status":{"error":"Wrong input: Vector dimension error: expected dim: 768, got 384"},"time":0.000169026}'
Traceback (most recent call last):
  File "/home/banid/projects/Leapfrog_Assignment/RAG_system/services/retrieval_service.py", line 152, in search
    logger.debug(f"Hybrid search returned {len(hybrid_candidates)} candidates")
                        ^^^^^^^^^^^^^^^^^^^^^^^^^^^^^^^^^^^^^^^^^^^^^^^^^^^^^^^
  File "/home/banid/projects/Leapfrog_Assignment/RAG_system/services/vector_search_service.py", line 50, in hybrid_search
    dense_response = self.client.query_points(
                     ^^^^^^^^^^^^^^^^^^^^^^^^^
  File "/home/banid/projects/Leapfrog_Assignment/.venv/lib/python3.12/site-packages/qdrant_client/qdrant_client.py", line 423, in query_points
    return self._client.query_points(
           ^^^^^^^^^^^^^^^^^^^^^^^^^^
  File "/home/banid/projects/Leapfrog_Assignment/.venv/lib/python3.12/site-packages/qdrant_client/qdrant_remote.py", line 583, in query_points
    query_result = self.http.search_api.query_points(
                   ^^^^^^^^^^^^^^^^^^^^^^^^^^^^^^^^^^
  File "/home/banid/projects/Leapfrog_Assignment/.venv/lib/python3.12/site-packages/qdrant_client/http/api/search_api.py", line 783, in query_points
    return self._build_for_query_points(
           ^^^^^^^^^^^^^^^^^^^^^^^^^^^^^
  File "/home/banid/projects/Leapfrog_Assignment/.venv/lib/python3.12/site-packages/qdrant_client/http/api/search_api.py", line 181, in _build_for_query_points
    return self.api_client.request(
           ^^^^^^^^^^^^^^^^^^^^^^^^
  File "/home/banid/projects/Leapfrog_Assignment/.venv/lib/python3.12/site-packages/qdrant_client/http/api_client.py", line 95, in request
    return self.send(request, type_)
           ^^^^^^^^^^^^^^^^^^^^^^^^^
  File "/home/banid/projects/Leapfrog_Assignment/.venv/lib/python3.12/site-packages/qdrant_client/http/api_client.py", line 130, in send
    raise UnexpectedResponse.for_response(response)
qdrant_client.http.exceptions.UnexpectedResponse: Unexpected Response: 400 (Bad Request)
Raw response content:
b'{"status":{"error":"Wrong input: Vector dimension error: expected dim: 768, got 384"},"time":0.000169026}'
2026-05-15 00:45:22 - RAG_system.services.retrieval_service - [INFO] Starting search for: What benefits does a Senior Product Designer at Walmart get?
2026-05-15 00:45:22 - RAG_system.services.retrieval_service - [ERROR] Search failed: Unexpected Response: 400 (Bad Request)
Raw response content:
b'{"status":{"error":"Wrong input: Vector dimension error: expected dim: 768, got 384"},"time":0.000177009}'
Traceback (most recent call last):
  File "/home/banid/projects/Leapfrog_Assignment/RAG_system/services/retrieval_service.py", line 152, in search
    logger.debug(f"Hybrid search returned {len(hybrid_candidates)} candidates")
                        ^^^^^^^^^^^^^^^^^^^^^^^^^^^^^^^^^^^^^^^^^^^^^^^^^^^^^^^
  File "/home/banid/projects/Leapfrog_Assignment/RAG_system/services/vector_search_service.py", line 50, in hybrid_search
    dense_response = self.client.query_points(
                     ^^^^^^^^^^^^^^^^^^^^^^^^^
  File "/home/banid/projects/Leapfrog_Assignment/.venv/lib/python3.12/site-packages/qdrant_client/qdrant_client.py", line 423, in query_points
    return self._client.query_points(
           ^^^^^^^^^^^^^^^^^^^^^^^^^^
  File "/home/banid/projects/Leapfrog_Assignment/.venv/lib/python3.12/site-packages/qdrant_client/qdrant_remote.py", line 583, in query_points
    query_result = self.http.search_api.query_points(
                   ^^^^^^^^^^^^^^^^^^^^^^^^^^^^^^^^^^
  File "/home/banid/projects/Leapfrog_Assignment/.venv/lib/python3.12/site-packages/qdrant_client/http/api/search_api.py", line 783, in query_points
    return self._build_for_query_points(
           ^^^^^^^^^^^^^^^^^^^^^^^^^^^^^
  File "/home/banid/projects/Leapfrog_Assignment/.venv/lib/python3.12/site-packages/qdrant_client/http/api/search_api.py", line 181, in _build_for_query_points
    return self.api_client.request(
           ^^^^^^^^^^^^^^^^^^^^^^^^
  File "/home/banid/projects/Leapfrog_Assignment/.venv/lib/python3.12/site-packages/qdrant_client/http/api_client.py", line 95, in request
    return self.send(request, type_)
           ^^^^^^^^^^^^^^^^^^^^^^^^^
  File "/home/banid/projects/Leapfrog_Assignment/.venv/lib/python3.12/site-packages/qdrant_client/http/api_client.py", line 130, in send
    raise UnexpectedResponse.for_response(response)
qdrant_client.http.exceptions.UnexpectedResponse: Unexpected Response: 400 (Bad Request)
Raw response content:
b'{"status":{"error":"Wrong input: Vector dimension error: expected dim: 768, got 384"},"time":0.000177009}'
2026-05-15 00:45:24 - RAG_system.services.retrieval_service - [INFO] Starting search for: What benefits does a Senior Product Designer at Walmart get?
2026-05-15 00:45:24 - RAG_system.services.retrieval_service - [ERROR] Search failed: Unexpected Response: 400 (Bad Request)
Raw response content:
b'{"status":{"error":"Wrong input: Vector dimension error: expected dim: 768, got 384"},"time":0.00017303}'
Traceback (most recent call last):
  File "/home/banid/projects/Leapfrog_Assignment/RAG_system/services/retrieval_service.py", line 152, in search
    logger.debug(f"Hybrid search returned {len(hybrid_candidates)} candidates")
                        ^^^^^^^^^^^^^^^^^^^^^^^^^^^^^^^^^^^^^^^^^^^^^^^^^^^^^^^
  File "/home/banid/projects/Leapfrog_Assignment/RAG_system/services/vector_search_service.py", line 50, in hybrid_search
    dense_response = self.client.query_points(
                     ^^^^^^^^^^^^^^^^^^^^^^^^^
  File "/home/banid/projects/Leapfrog_Assignment/.venv/lib/python3.12/site-packages/qdrant_client/qdrant_client.py", line 423, in query_points
    return self._client.query_points(
           ^^^^^^^^^^^^^^^^^^^^^^^^^^
  File "/home/banid/projects/Leapfrog_Assignment/.venv/lib/python3.12/site-packages/qdrant_client/qdrant_remote.py", line 583, in query_points
    query_result = self.http.search_api.query_points(
                   ^^^^^^^^^^^^^^^^^^^^^^^^^^^^^^^^^^
  File "/home/banid/projects/Leapfrog_Assignment/.venv/lib/python3.12/site-packages/qdrant_client/http/api/search_api.py", line 783, in query_points
    return self._build_for_query_points(
           ^^^^^^^^^^^^^^^^^^^^^^^^^^^^^
  File "/home/banid/projects/Leapfrog_Assignment/.venv/lib/python3.12/site-packages/qdrant_client/http/api/search_api.py", line 181, in _build_for_query_points
    return self.api_client.request(
           ^^^^^^^^^^^^^^^^^^^^^^^^
  File "/home/banid/projects/Leapfrog_Assignment/.venv/lib/python3.12/site-packages/qdrant_client/http/api_client.py", line 95, in request
    return self.send(request, type_)
           ^^^^^^^^^^^^^^^^^^^^^^^^^
  File "/home/banid/projects/Leapfrog_Assignment/.venv/lib/python3.12/site-packages/qdrant_client/http/api_client.py", line 130, in send
    raise UnexpectedResponse.for_response(response)
qdrant_client.http.exceptions.UnexpectedResponse: Unexpected Response: 400 (Bad Request)
Raw response content:
b'{"status":{"error":"Wrong input: Vector dimension error: expected dim: 768, got 384"},"time":0.00017303}'
2026-05-15 00:45:30 - RAG_system.services.retrieval_service - [INFO] Starting search for: Tell me about internship opportunities at Salesforce
2026-05-15 00:45:30 - RAG_system.services.retrieval_service - [ERROR] Search failed: Unexpected Response: 400 (Bad Request)
Raw response content:
b'{"status":{"error":"Wrong input: Vector dimension error: expected dim: 768, got 384"},"time":0.000565802}'
Traceback (most recent call last):
  File "/home/banid/projects/Leapfrog_Assignment/RAG_system/services/retrieval_service.py", line 152, in search
    logger.debug(f"Hybrid search returned {len(hybrid_candidates)} candidates")
                        ^^^^^^^^^^^^^^^^^^^^^^^^^^^^^^^^^^^^^^^^^^^^^^^^^^^^^^^
  File "/home/banid/projects/Leapfrog_Assignment/RAG_system/services/vector_search_service.py", line 50, in hybrid_search
    dense_response = self.client.query_points(
                     ^^^^^^^^^^^^^^^^^^^^^^^^^
  File "/home/banid/projects/Leapfrog_Assignment/.venv/lib/python3.12/site-packages/qdrant_client/qdrant_client.py", line 423, in query_points
    return self._client.query_points(
           ^^^^^^^^^^^^^^^^^^^^^^^^^^
  File "/home/banid/projects/Leapfrog_Assignment/.venv/lib/python3.12/site-packages/qdrant_client/qdrant_remote.py", line 583, in query_points
    query_result = self.http.search_api.query_points(
                   ^^^^^^^^^^^^^^^^^^^^^^^^^^^^^^^^^^
  File "/home/banid/projects/Leapfrog_Assignment/.venv/lib/python3.12/site-packages/qdrant_client/http/api/search_api.py", line 783, in query_points
    return self._build_for_query_points(
           ^^^^^^^^^^^^^^^^^^^^^^^^^^^^^
  File "/home/banid/projects/Leapfrog_Assignment/.venv/lib/python3.12/site-packages/qdrant_client/http/api/search_api.py", line 181, in _build_for_query_points
    return self.api_client.request(
           ^^^^^^^^^^^^^^^^^^^^^^^^
  File "/home/banid/projects/Leapfrog_Assignment/.venv/lib/python3.12/site-packages/qdrant_client/http/api_client.py", line 95, in request
    return self.send(request, type_)
           ^^^^^^^^^^^^^^^^^^^^^^^^^
  File "/home/banid/projects/Leapfrog_Assignment/.venv/lib/python3.12/site-packages/qdrant_client/http/api_client.py", line 130, in send
    raise UnexpectedResponse.for_response(response)
qdrant_client.http.exceptions.UnexpectedResponse: Unexpected Response: 400 (Bad Request)
Raw response content:
b'{"status":{"error":"Wrong input: Vector dimension error: expected dim: 768, got 384"},"time":0.000565802}'
2026-05-15 00:45:31 - RAG_system.services.retrieval_service - [INFO] Starting search for: Tell me about internship opportunities at Salesforce
2026-05-15 00:45:31 - RAG_system.services.retrieval_service - [ERROR] Search failed: Unexpected Response: 400 (Bad Request)
Raw response content:
b'{"status":{"error":"Wrong input: Vector dimension error: expected dim: 768, got 384"},"time":0.000177789}'
Traceback (most recent call last):
  File "/home/banid/projects/Leapfrog_Assignment/RAG_system/services/retrieval_service.py", line 152, in search
    logger.debug(f"Hybrid search returned {len(hybrid_candidates)} candidates")
                        ^^^^^^^^^^^^^^^^^^^^^^^^^^^^^^^^^^^^^^^^^^^^^^^^^^^^^^^
  File "/home/banid/projects/Leapfrog_Assignment/RAG_system/services/vector_search_service.py", line 50, in hybrid_search
    dense_response = self.client.query_points(
                     ^^^^^^^^^^^^^^^^^^^^^^^^^
  File "/home/banid/projects/Leapfrog_Assignment/.venv/lib/python3.12/site-packages/qdrant_client/qdrant_client.py", line 423, in query_points
    return self._client.query_points(
           ^^^^^^^^^^^^^^^^^^^^^^^^^^
  File "/home/banid/projects/Leapfrog_Assignment/.venv/lib/python3.12/site-packages/qdrant_client/qdrant_remote.py", line 583, in query_points
    query_result = self.http.search_api.query_points(
                   ^^^^^^^^^^^^^^^^^^^^^^^^^^^^^^^^^^
  File "/home/banid/projects/Leapfrog_Assignment/.venv/lib/python3.12/site-packages/qdrant_client/http/api/search_api.py", line 783, in query_points
    return self._build_for_query_points(
           ^^^^^^^^^^^^^^^^^^^^^^^^^^^^^
  File "/home/banid/projects/Leapfrog_Assignment/.venv/lib/python3.12/site-packages/qdrant_client/http/api/search_api.py", line 181, in _build_for_query_points
    return self.api_client.request(
           ^^^^^^^^^^^^^^^^^^^^^^^^
  File "/home/banid/projects/Leapfrog_Assignment/.venv/lib/python3.12/site-packages/qdrant_client/http/api_client.py", line 95, in request
    return self.send(request, type_)
           ^^^^^^^^^^^^^^^^^^^^^^^^^
  File "/home/banid/projects/Leapfrog_Assignment/.venv/lib/python3.12/site-packages/qdrant_client/http/api_client.py", line 130, in send
    raise UnexpectedResponse.for_response(response)
qdrant_client.http.exceptions.UnexpectedResponse: Unexpected Response: 400 (Bad Request)
Raw response content:
b'{"status":{"error":"Wrong input: Vector dimension error: expected dim: 768, got 384"},"time":0.000177789}'
2026-05-15 00:45:33 - RAG_system.services.retrieval_service - [INFO] Starting search for: Tell me about internship opportunities at Salesforce
2026-05-15 00:45:33 - RAG_system.services.retrieval_service - [ERROR] Search failed: Unexpected Response: 400 (Bad Request)
Raw response content:
b'{"status":{"error":"Wrong input: Vector dimension error: expected dim: 768, got 384"},"time":0.000179332}'
Traceback (most recent call last):
  File "/home/banid/projects/Leapfrog_Assignment/RAG_system/services/retrieval_service.py", line 152, in search
    logger.debug(f"Hybrid search returned {len(hybrid_candidates)} candidates")
                        ^^^^^^^^^^^^^^^^^^^^^^^^^^^^^^^^^^^^^^^^^^^^^^^^^^^^^^^
  File "/home/banid/projects/Leapfrog_Assignment/RAG_system/services/vector_search_service.py", line 50, in hybrid_search
    dense_response = self.client.query_points(
                     ^^^^^^^^^^^^^^^^^^^^^^^^^
  File "/home/banid/projects/Leapfrog_Assignment/.venv/lib/python3.12/site-packages/qdrant_client/qdrant_client.py", line 423, in query_points
    return self._client.query_points(
           ^^^^^^^^^^^^^^^^^^^^^^^^^^
  File "/home/banid/projects/Leapfrog_Assignment/.venv/lib/python3.12/site-packages/qdrant_client/qdrant_remote.py", line 583, in query_points
    query_result = self.http.search_api.query_points(
                   ^^^^^^^^^^^^^^^^^^^^^^^^^^^^^^^^^^
  File "/home/banid/projects/Leapfrog_Assignment/.venv/lib/python3.12/site-packages/qdrant_client/http/api/search_api.py", line 783, in query_points
    return self._build_for_query_points(
           ^^^^^^^^^^^^^^^^^^^^^^^^^^^^^
  File "/home/banid/projects/Leapfrog_Assignment/.venv/lib/python3.12/site-packages/qdrant_client/http/api/search_api.py", line 181, in _build_for_query_points
    return self.api_client.request(
           ^^^^^^^^^^^^^^^^^^^^^^^^
  File "/home/banid/projects/Leapfrog_Assignment/.venv/lib/python3.12/site-packages/qdrant_client/http/api_client.py", line 95, in request
    return self.send(request, type_)
           ^^^^^^^^^^^^^^^^^^^^^^^^^
  File "/home/banid/projects/Leapfrog_Assignment/.venv/lib/python3.12/site-packages/qdrant_client/http/api_client.py", line 130, in send
    raise UnexpectedResponse.for_response(response)
qdrant_client.http.exceptions.UnexpectedResponse: Unexpected Response: 400 (Bad Request)
Raw response content:
b'{"status":{"error":"Wrong input: Vector dimension error: expected dim: 768, got 384"},"time":0.000179332}'
2026-05-15 00:45:37 - RAG_system.services.retrieval_service - [INFO] Starting search for: What are the education requirements for data and analytics roles at JPMorgan Chase?
2026-05-15 00:45:37 - RAG_system.services.retrieval_service - [ERROR] Search failed: Unexpected Response: 400 (Bad Request)
Raw response content:
b'{"status":{"error":"Wrong input: Vector dimension error: expected dim: 768, got 384"},"time":0.000202774}'
Traceback (most recent call last):
  File "/home/banid/projects/Leapfrog_Assignment/RAG_system/services/retrieval_service.py", line 152, in search
    logger.debug(f"Hybrid search returned {len(hybrid_candidates)} candidates")
                        ^^^^^^^^^^^^^^^^^^^^^^^^^^^^^^^^^^^^^^^^^^^^^^^^^^^^^^^
  File "/home/banid/projects/Leapfrog_Assignment/RAG_system/services/vector_search_service.py", line 50, in hybrid_search
    dense_response = self.client.query_points(
                     ^^^^^^^^^^^^^^^^^^^^^^^^^
  File "/home/banid/projects/Leapfrog_Assignment/.venv/lib/python3.12/site-packages/qdrant_client/qdrant_client.py", line 423, in query_points
    return self._client.query_points(
           ^^^^^^^^^^^^^^^^^^^^^^^^^^
  File "/home/banid/projects/Leapfrog_Assignment/.venv/lib/python3.12/site-packages/qdrant_client/qdrant_remote.py", line 583, in query_points
    query_result = self.http.search_api.query_points(
                   ^^^^^^^^^^^^^^^^^^^^^^^^^^^^^^^^^^
  File "/home/banid/projects/Leapfrog_Assignment/.venv/lib/python3.12/site-packages/qdrant_client/http/api/search_api.py", line 783, in query_points
    return self._build_for_query_points(
           ^^^^^^^^^^^^^^^^^^^^^^^^^^^^^
  File "/home/banid/projects/Leapfrog_Assignment/.venv/lib/python3.12/site-packages/qdrant_client/http/api/search_api.py", line 181, in _build_for_query_points
    return self.api_client.request(
           ^^^^^^^^^^^^^^^^^^^^^^^^
  File "/home/banid/projects/Leapfrog_Assignment/.venv/lib/python3.12/site-packages/qdrant_client/http/api_client.py", line 95, in request
    return self.send(request, type_)
           ^^^^^^^^^^^^^^^^^^^^^^^^^
  File "/home/banid/projects/Leapfrog_Assignment/.venv/lib/python3.12/site-packages/qdrant_client/http/api_client.py", line 130, in send
    raise UnexpectedResponse.for_response(response)
qdrant_client.http.exceptions.UnexpectedResponse: Unexpected Response: 400 (Bad Request)
Raw response content:
b'{"status":{"error":"Wrong input: Vector dimension error: expected dim: 768, got 384"},"time":0.000202774}'
2026-05-15 00:45:38 - RAG_system.services.retrieval_service - [INFO] Starting search for: What are the education requirements for data and analytics roles at JPMorgan Chase?
2026-05-15 00:45:39 - RAG_system.services.retrieval_service - [ERROR] Search failed: Unexpected Response: 400 (Bad Request)
Raw response content:
b'{"status":{"error":"Wrong input: Vector dimension error: expected dim: 768, got 384"},"time":0.000175303}'
Traceback (most recent call last):
  File "/home/banid/projects/Leapfrog_Assignment/RAG_system/services/retrieval_service.py", line 152, in search
    logger.debug(f"Hybrid search returned {len(hybrid_candidates)} candidates")
                        ^^^^^^^^^^^^^^^^^^^^^^^^^^^^^^^^^^^^^^^^^^^^^^^^^^^^^^^
  File "/home/banid/projects/Leapfrog_Assignment/RAG_system/services/vector_search_service.py", line 50, in hybrid_search
    dense_response = self.client.query_points(
                     ^^^^^^^^^^^^^^^^^^^^^^^^^
  File "/home/banid/projects/Leapfrog_Assignment/.venv/lib/python3.12/site-packages/qdrant_client/qdrant_client.py", line 423, in query_points
    return self._client.query_points(
           ^^^^^^^^^^^^^^^^^^^^^^^^^^
  File "/home/banid/projects/Leapfrog_Assignment/.venv/lib/python3.12/site-packages/qdrant_client/qdrant_remote.py", line 583, in query_points
    query_result = self.http.search_api.query_points(
                   ^^^^^^^^^^^^^^^^^^^^^^^^^^^^^^^^^^
  File "/home/banid/projects/Leapfrog_Assignment/.venv/lib/python3.12/site-packages/qdrant_client/http/api/search_api.py", line 783, in query_points
    return self._build_for_query_points(
           ^^^^^^^^^^^^^^^^^^^^^^^^^^^^^
  File "/home/banid/projects/Leapfrog_Assignment/.venv/lib/python3.12/site-packages/qdrant_client/http/api/search_api.py", line 181, in _build_for_query_points
    return self.api_client.request(
           ^^^^^^^^^^^^^^^^^^^^^^^^
  File "/home/banid/projects/Leapfrog_Assignment/.venv/lib/python3.12/site-packages/qdrant_client/http/api_client.py", line 95, in request
    return self.send(request, type_)
           ^^^^^^^^^^^^^^^^^^^^^^^^^
  File "/home/banid/projects/Leapfrog_Assignment/.venv/lib/python3.12/site-packages/qdrant_client/http/api_client.py", line 130, in send
    raise UnexpectedResponse.for_response(response)
qdrant_client.http.exceptions.UnexpectedResponse: Unexpected Response: 400 (Bad Request)
Raw response content:
b'{"status":{"error":"Wrong input: Vector dimension error: expected dim: 768, got 384"},"time":0.000175303}'
2026-05-15 00:45:41 - RAG_system.services.retrieval_service - [INFO] Starting search for: What are the education requirements for data and analytics roles at JPMorgan Chase?
2026-05-15 00:45:41 - RAG_system.services.retrieval_service - [ERROR] Search failed: Unexpected Response: 400 (Bad Request)
Raw response content:
b'{"status":{"error":"Wrong input: Vector dimension error: expected dim: 768, got 384"},"time":0.000179931}'
Traceback (most recent call last):
  File "/home/banid/projects/Leapfrog_Assignment/RAG_system/services/retrieval_service.py", line 152, in search
    logger.debug(f"Hybrid search returned {len(hybrid_candidates)} candidates")
                        ^^^^^^^^^^^^^^^^^^^^^^^^^^^^^^^^^^^^^^^^^^^^^^^^^^^^^^^
  File "/home/banid/projects/Leapfrog_Assignment/RAG_system/services/vector_search_service.py", line 50, in hybrid_search
    dense_response = self.client.query_points(
                     ^^^^^^^^^^^^^^^^^^^^^^^^^
  File "/home/banid/projects/Leapfrog_Assignment/.venv/lib/python3.12/site-packages/qdrant_client/qdrant_client.py", line 423, in query_points
    return self._client.query_points(
           ^^^^^^^^^^^^^^^^^^^^^^^^^^
  File "/home/banid/projects/Leapfrog_Assignment/.venv/lib/python3.12/site-packages/qdrant_client/qdrant_remote.py", line 583, in query_points
    query_result = self.http.search_api.query_points(
                   ^^^^^^^^^^^^^^^^^^^^^^^^^^^^^^^^^^
  File "/home/banid/projects/Leapfrog_Assignment/.venv/lib/python3.12/site-packages/qdrant_client/http/api/search_api.py", line 783, in query_points
    return self._build_for_query_points(
           ^^^^^^^^^^^^^^^^^^^^^^^^^^^^^
  File "/home/banid/projects/Leapfrog_Assignment/.venv/lib/python3.12/site-packages/qdrant_client/http/api/search_api.py", line 181, in _build_for_query_points
    return self.api_client.request(
           ^^^^^^^^^^^^^^^^^^^^^^^^
  File "/home/banid/projects/Leapfrog_Assignment/.venv/lib/python3.12/site-packages/qdrant_client/http/api_client.py", line 95, in request
    return self.send(request, type_)
           ^^^^^^^^^^^^^^^^^^^^^^^^^
  File "/home/banid/projects/Leapfrog_Assignment/.venv/lib/python3.12/site-packages/qdrant_client/http/api_client.py", line 130, in send
    raise UnexpectedResponse.for_response(response)
qdrant_client.http.exceptions.UnexpectedResponse: Unexpected Response: 400 (Bad Request)
Raw response content:
b'{"status":{"error":"Wrong input: Vector dimension error: expected dim: 768, got 384"},"time":0.000179931}'
2026-05-15 00:45:45 - RAG_system.services.retrieval_service - [INFO] Starting search for: What is the salary range for vice president level positions in user experience at JPMorgan Chase?
2026-05-15 00:45:45 - RAG_system.services.retrieval_service - [ERROR] Search failed: Unexpected Response: 400 (Bad Request)
Raw response content:
b'{"status":{"error":"Wrong input: Vector dimension error: expected dim: 768, got 384"},"time":0.000169452}'
Traceback (most recent call last):
  File "/home/banid/projects/Leapfrog_Assignment/RAG_system/services/retrieval_service.py", line 152, in search
    logger.debug(f"Hybrid search returned {len(hybrid_candidates)} candidates")
                        ^^^^^^^^^^^^^^^^^^^^^^^^^^^^^^^^^^^^^^^^^^^^^^^^^^^^^^^
  File "/home/banid/projects/Leapfrog_Assignment/RAG_system/services/vector_search_service.py", line 50, in hybrid_search
    dense_response = self.client.query_points(
                     ^^^^^^^^^^^^^^^^^^^^^^^^^
  File "/home/banid/projects/Leapfrog_Assignment/.venv/lib/python3.12/site-packages/qdrant_client/qdrant_client.py", line 423, in query_points
    return self._client.query_points(
           ^^^^^^^^^^^^^^^^^^^^^^^^^^
  File "/home/banid/projects/Leapfrog_Assignment/.venv/lib/python3.12/site-packages/qdrant_client/qdrant_remote.py", line 583, in query_points
    query_result = self.http.search_api.query_points(
                   ^^^^^^^^^^^^^^^^^^^^^^^^^^^^^^^^^^
  File "/home/banid/projects/Leapfrog_Assignment/.venv/lib/python3.12/site-packages/qdrant_client/http/api/search_api.py", line 783, in query_points
    return self._build_for_query_points(
           ^^^^^^^^^^^^^^^^^^^^^^^^^^^^^
  File "/home/banid/projects/Leapfrog_Assignment/.venv/lib/python3.12/site-packages/qdrant_client/http/api/search_api.py", line 181, in _build_for_query_points
    return self.api_client.request(
           ^^^^^^^^^^^^^^^^^^^^^^^^
  File "/home/banid/projects/Leapfrog_Assignment/.venv/lib/python3.12/site-packages/qdrant_client/http/api_client.py", line 95, in request
    return self.send(request, type_)
           ^^^^^^^^^^^^^^^^^^^^^^^^^
  File "/home/banid/projects/Leapfrog_Assignment/.venv/lib/python3.12/site-packages/qdrant_client/http/api_client.py", line 130, in send
    raise UnexpectedResponse.for_response(response)
qdrant_client.http.exceptions.UnexpectedResponse: Unexpected Response: 400 (Bad Request)
Raw response content:
b'{"status":{"error":"Wrong input: Vector dimension error: expected dim: 768, got 384"},"time":0.000169452}'
2026-05-15 00:45:46 - RAG_system.services.retrieval_service - [INFO] Starting search for: What is the salary range for vice president level positions in user experience at JPMorgan Chase?
2026-05-15 00:45:46 - RAG_system.services.retrieval_service - [ERROR] Search failed: Unexpected Response: 400 (Bad Request)
Raw response content:
b'{"status":{"error":"Wrong input: Vector dimension error: expected dim: 768, got 384"},"time":0.000171454}'
Traceback (most recent call last):
  File "/home/banid/projects/Leapfrog_Assignment/RAG_system/services/retrieval_service.py", line 152, in search
    logger.debug(f"Hybrid search returned {len(hybrid_candidates)} candidates")
                        ^^^^^^^^^^^^^^^^^^^^^^^^^^^^^^^^^^^^^^^^^^^^^^^^^^^^^^^
  File "/home/banid/projects/Leapfrog_Assignment/RAG_system/services/vector_search_service.py", line 50, in hybrid_search
    dense_response = self.client.query_points(
                     ^^^^^^^^^^^^^^^^^^^^^^^^^
  File "/home/banid/projects/Leapfrog_Assignment/.venv/lib/python3.12/site-packages/qdrant_client/qdrant_client.py", line 423, in query_points
    return self._client.query_points(
           ^^^^^^^^^^^^^^^^^^^^^^^^^^
  File "/home/banid/projects/Leapfrog_Assignment/.venv/lib/python3.12/site-packages/qdrant_client/qdrant_remote.py", line 583, in query_points
    query_result = self.http.search_api.query_points(
                   ^^^^^^^^^^^^^^^^^^^^^^^^^^^^^^^^^^
  File "/home/banid/projects/Leapfrog_Assignment/.venv/lib/python3.12/site-packages/qdrant_client/http/api/search_api.py", line 783, in query_points
    return self._build_for_query_points(
           ^^^^^^^^^^^^^^^^^^^^^^^^^^^^^
  File "/home/banid/projects/Leapfrog_Assignment/.venv/lib/python3.12/site-packages/qdrant_client/http/api/search_api.py", line 181, in _build_for_query_points
    return self.api_client.request(
           ^^^^^^^^^^^^^^^^^^^^^^^^
  File "/home/banid/projects/Leapfrog_Assignment/.venv/lib/python3.12/site-packages/qdrant_client/http/api_client.py", line 95, in request
    return self.send(request, type_)
           ^^^^^^^^^^^^^^^^^^^^^^^^^
  File "/home/banid/projects/Leapfrog_Assignment/.venv/lib/python3.12/site-packages/qdrant_client/http/api_client.py", line 130, in send
    raise UnexpectedResponse.for_response(response)
qdrant_client.http.exceptions.UnexpectedResponse: Unexpected Response: 400 (Bad Request)
Raw response content:
b'{"status":{"error":"Wrong input: Vector dimension error: expected dim: 768, got 384"},"time":0.000171454}'
2026-05-15 00:45:48 - RAG_system.services.retrieval_service - [INFO] Starting search for: What is the salary range for vice president level positions in user experience at JPMorgan Chase?
2026-05-15 00:45:49 - RAG_system.services.retrieval_service - [ERROR] Search failed: Unexpected Response: 400 (Bad Request)
Raw response content:
b'{"status":{"error":"Wrong input: Vector dimension error: expected dim: 768, got 384"},"time":0.000212776}'
Traceback (most recent call last):
  File "/home/banid/projects/Leapfrog_Assignment/RAG_system/services/retrieval_service.py", line 152, in search
    logger.debug(f"Hybrid search returned {len(hybrid_candidates)} candidates")
                        ^^^^^^^^^^^^^^^^^^^^^^^^^^^^^^^^^^^^^^^^^^^^^^^^^^^^^^^
  File "/home/banid/projects/Leapfrog_Assignment/RAG_system/services/vector_search_service.py", line 50, in hybrid_search
    dense_response = self.client.query_points(
                     ^^^^^^^^^^^^^^^^^^^^^^^^^
  File "/home/banid/projects/Leapfrog_Assignment/.venv/lib/python3.12/site-packages/qdrant_client/qdrant_client.py", line 423, in query_points
    return self._client.query_points(
           ^^^^^^^^^^^^^^^^^^^^^^^^^^
  File "/home/banid/projects/Leapfrog_Assignment/.venv/lib/python3.12/site-packages/qdrant_client/qdrant_remote.py", line 583, in query_points
    query_result = self.http.search_api.query_points(
                   ^^^^^^^^^^^^^^^^^^^^^^^^^^^^^^^^^^
  File "/home/banid/projects/Leapfrog_Assignment/.venv/lib/python3.12/site-packages/qdrant_client/http/api/search_api.py", line 783, in query_points
    return self._build_for_query_points(
           ^^^^^^^^^^^^^^^^^^^^^^^^^^^^^
  File "/home/banid/projects/Leapfrog_Assignment/.venv/lib/python3.12/site-packages/qdrant_client/http/api/search_api.py", line 181, in _build_for_query_points
    return self.api_client.request(
           ^^^^^^^^^^^^^^^^^^^^^^^^
  File "/home/banid/projects/Leapfrog_Assignment/.venv/lib/python3.12/site-packages/qdrant_client/http/api_client.py", line 95, in request
    return self.send(request, type_)
           ^^^^^^^^^^^^^^^^^^^^^^^^^
  File "/home/banid/projects/Leapfrog_Assignment/.venv/lib/python3.12/site-packages/qdrant_client/http/api_client.py", line 130, in send
    raise UnexpectedResponse.for_response(response)
qdrant_client.http.exceptions.UnexpectedResponse: Unexpected Response: 400 (Bad Request)
Raw response content:
b'{"status":{"error":"Wrong input: Vector dimension error: expected dim: 768, got 384"},"time":0.000212776}'
2026-05-15 00:45:53 - RAG_system.services.retrieval_service - [INFO] Starting search for: What qualifications does a senior product designer at Robinhood need?
2026-05-15 00:45:53 - RAG_system.services.retrieval_service - [ERROR] Search failed: Unexpected Response: 400 (Bad Request)
Raw response content:
b'{"status":{"error":"Wrong input: Vector dimension error: expected dim: 768, got 384"},"time":0.000189317}'
Traceback (most recent call last):
  File "/home/banid/projects/Leapfrog_Assignment/RAG_system/services/retrieval_service.py", line 152, in search
    logger.debug(f"Hybrid search returned {len(hybrid_candidates)} candidates")
                        ^^^^^^^^^^^^^^^^^^^^^^^^^^^^^^^^^^^^^^^^^^^^^^^^^^^^^^^
  File "/home/banid/projects/Leapfrog_Assignment/RAG_system/services/vector_search_service.py", line 50, in hybrid_search
    dense_response = self.client.query_points(
                     ^^^^^^^^^^^^^^^^^^^^^^^^^
  File "/home/banid/projects/Leapfrog_Assignment/.venv/lib/python3.12/site-packages/qdrant_client/qdrant_client.py", line 423, in query_points
    return self._client.query_points(
           ^^^^^^^^^^^^^^^^^^^^^^^^^^
  File "/home/banid/projects/Leapfrog_Assignment/.venv/lib/python3.12/site-packages/qdrant_client/qdrant_remote.py", line 583, in query_points
    query_result = self.http.search_api.query_points(
                   ^^^^^^^^^^^^^^^^^^^^^^^^^^^^^^^^^^
  File "/home/banid/projects/Leapfrog_Assignment/.venv/lib/python3.12/site-packages/qdrant_client/http/api/search_api.py", line 783, in query_points
    return self._build_for_query_points(
           ^^^^^^^^^^^^^^^^^^^^^^^^^^^^^
  File "/home/banid/projects/Leapfrog_Assignment/.venv/lib/python3.12/site-packages/qdrant_client/http/api/search_api.py", line 181, in _build_for_query_points
    return self.api_client.request(
           ^^^^^^^^^^^^^^^^^^^^^^^^
  File "/home/banid/projects/Leapfrog_Assignment/.venv/lib/python3.12/site-packages/qdrant_client/http/api_client.py", line 95, in request
    return self.send(request, type_)
           ^^^^^^^^^^^^^^^^^^^^^^^^^
  File "/home/banid/projects/Leapfrog_Assignment/.venv/lib/python3.12/site-packages/qdrant_client/http/api_client.py", line 130, in send
    raise UnexpectedResponse.for_response(response)
qdrant_client.http.exceptions.UnexpectedResponse: Unexpected Response: 400 (Bad Request)
Raw response content:
b'{"status":{"error":"Wrong input: Vector dimension error: expected dim: 768, got 384"},"time":0.000189317}'
2026-05-15 00:45:54 - RAG_system.services.retrieval_service - [INFO] Starting search for: What qualifications does a senior product designer at Robinhood need?
2026-05-15 00:45:54 - RAG_system.services.retrieval_service - [ERROR] Search failed: Unexpected Response: 400 (Bad Request)
Raw response content:
b'{"status":{"error":"Wrong input: Vector dimension error: expected dim: 768, got 384"},"time":0.000176526}'
Traceback (most recent call last):
  File "/home/banid/projects/Leapfrog_Assignment/RAG_system/services/retrieval_service.py", line 152, in search
    logger.debug(f"Hybrid search returned {len(hybrid_candidates)} candidates")
                        ^^^^^^^^^^^^^^^^^^^^^^^^^^^^^^^^^^^^^^^^^^^^^^^^^^^^^^^
  File "/home/banid/projects/Leapfrog_Assignment/RAG_system/services/vector_search_service.py", line 50, in hybrid_search
    dense_response = self.client.query_points(
                     ^^^^^^^^^^^^^^^^^^^^^^^^^
  File "/home/banid/projects/Leapfrog_Assignment/.venv/lib/python3.12/site-packages/qdrant_client/qdrant_client.py", line 423, in query_points
    return self._client.query_points(
           ^^^^^^^^^^^^^^^^^^^^^^^^^^
  File "/home/banid/projects/Leapfrog_Assignment/.venv/lib/python3.12/site-packages/qdrant_client/qdrant_remote.py", line 583, in query_points
    query_result = self.http.search_api.query_points(
                   ^^^^^^^^^^^^^^^^^^^^^^^^^^^^^^^^^^
  File "/home/banid/projects/Leapfrog_Assignment/.venv/lib/python3.12/site-packages/qdrant_client/http/api/search_api.py", line 783, in query_points
    return self._build_for_query_points(
           ^^^^^^^^^^^^^^^^^^^^^^^^^^^^^
  File "/home/banid/projects/Leapfrog_Assignment/.venv/lib/python3.12/site-packages/qdrant_client/http/api/search_api.py", line 181, in _build_for_query_points
    return self.api_client.request(
           ^^^^^^^^^^^^^^^^^^^^^^^^
  File "/home/banid/projects/Leapfrog_Assignment/.venv/lib/python3.12/site-packages/qdrant_client/http/api_client.py", line 95, in request
    return self.send(request, type_)
           ^^^^^^^^^^^^^^^^^^^^^^^^^
  File "/home/banid/projects/Leapfrog_Assignment/.venv/lib/python3.12/site-packages/qdrant_client/http/api_client.py", line 130, in send
    raise UnexpectedResponse.for_response(response)
qdrant_client.http.exceptions.UnexpectedResponse: Unexpected Response: 400 (Bad Request)
Raw response content:
b'{"status":{"error":"Wrong input: Vector dimension error: expected dim: 768, got 384"},"time":0.000176526}'
2026-05-15 00:45:56 - RAG_system.services.retrieval_service - [INFO] Starting search for: What qualifications does a senior product designer at Robinhood need?
2026-05-15 00:45:56 - RAG_system.services.retrieval_service - [ERROR] Search failed: Unexpected Response: 400 (Bad Request)
Raw response content:
b'{"status":{"error":"Wrong input: Vector dimension error: expected dim: 768, got 384"},"time":0.000382786}'
Traceback (most recent call last):
  File "/home/banid/projects/Leapfrog_Assignment/RAG_system/services/retrieval_service.py", line 152, in search
    logger.debug(f"Hybrid search returned {len(hybrid_candidates)} candidates")
                        ^^^^^^^^^^^^^^^^^^^^^^^^^^^^^^^^^^^^^^^^^^^^^^^^^^^^^^^
  File "/home/banid/projects/Leapfrog_Assignment/RAG_system/services/vector_search_service.py", line 50, in hybrid_search
    dense_response = self.client.query_points(
                     ^^^^^^^^^^^^^^^^^^^^^^^^^
  File "/home/banid/projects/Leapfrog_Assignment/.venv/lib/python3.12/site-packages/qdrant_client/qdrant_client.py", line 423, in query_points
    return self._client.query_points(
           ^^^^^^^^^^^^^^^^^^^^^^^^^^
  File "/home/banid/projects/Leapfrog_Assignment/.venv/lib/python3.12/site-packages/qdrant_client/qdrant_remote.py", line 583, in query_points
    query_result = self.http.search_api.query_points(
                   ^^^^^^^^^^^^^^^^^^^^^^^^^^^^^^^^^^
  File "/home/banid/projects/Leapfrog_Assignment/.venv/lib/python3.12/site-packages/qdrant_client/http/api/search_api.py", line 783, in query_points
    return self._build_for_query_points(
           ^^^^^^^^^^^^^^^^^^^^^^^^^^^^^
  File "/home/banid/projects/Leapfrog_Assignment/.venv/lib/python3.12/site-packages/qdrant_client/http/api/search_api.py", line 181, in _build_for_query_points
    return self.api_client.request(
           ^^^^^^^^^^^^^^^^^^^^^^^^
  File "/home/banid/projects/Leapfrog_Assignment/.venv/lib/python3.12/site-packages/qdrant_client/http/api_client.py", line 95, in request
    return self.send(request, type_)
           ^^^^^^^^^^^^^^^^^^^^^^^^^
  File "/home/banid/projects/Leapfrog_Assignment/.venv/lib/python3.12/site-packages/qdrant_client/http/api_client.py", line 130, in send
    raise UnexpectedResponse.for_response(response)
qdrant_client.http.exceptions.UnexpectedResponse: Unexpected Response: 400 (Bad Request)
Raw response content:
b'{"status":{"error":"Wrong input: Vector dimension error: expected dim: 768, got 384"},"time":0.000382786}'
2026-05-15 00:46:00 - RAG_system.services.retrieval_service - [INFO] Starting search for: What are the main responsibilities of a solutions consultant at Palo Alto Networks?
2026-05-15 00:46:00 - RAG_system.services.retrieval_service - [ERROR] Search failed: Unexpected Response: 400 (Bad Request)
Raw response content:
b'{"status":{"error":"Wrong input: Vector dimension error: expected dim: 768, got 384"},"time":0.000169854}'
Traceback (most recent call last):
  File "/home/banid/projects/Leapfrog_Assignment/RAG_system/services/retrieval_service.py", line 152, in search
    logger.debug(f"Hybrid search returned {len(hybrid_candidates)} candidates")
                        ^^^^^^^^^^^^^^^^^^^^^^^^^^^^^^^^^^^^^^^^^^^^^^^^^^^^^^^
  File "/home/banid/projects/Leapfrog_Assignment/RAG_system/services/vector_search_service.py", line 50, in hybrid_search
    dense_response = self.client.query_points(
                     ^^^^^^^^^^^^^^^^^^^^^^^^^
  File "/home/banid/projects/Leapfrog_Assignment/.venv/lib/python3.12/site-packages/qdrant_client/qdrant_client.py", line 423, in query_points
    return self._client.query_points(
           ^^^^^^^^^^^^^^^^^^^^^^^^^^
  File "/home/banid/projects/Leapfrog_Assignment/.venv/lib/python3.12/site-packages/qdrant_client/qdrant_remote.py", line 583, in query_points
    query_result = self.http.search_api.query_points(
                   ^^^^^^^^^^^^^^^^^^^^^^^^^^^^^^^^^^
  File "/home/banid/projects/Leapfrog_Assignment/.venv/lib/python3.12/site-packages/qdrant_client/http/api/search_api.py", line 783, in query_points
    return self._build_for_query_points(
           ^^^^^^^^^^^^^^^^^^^^^^^^^^^^^
  File "/home/banid/projects/Leapfrog_Assignment/.venv/lib/python3.12/site-packages/qdrant_client/http/api/search_api.py", line 181, in _build_for_query_points
    return self.api_client.request(
           ^^^^^^^^^^^^^^^^^^^^^^^^
  File "/home/banid/projects/Leapfrog_Assignment/.venv/lib/python3.12/site-packages/qdrant_client/http/api_client.py", line 95, in request
    return self.send(request, type_)
           ^^^^^^^^^^^^^^^^^^^^^^^^^
  File "/home/banid/projects/Leapfrog_Assignment/.venv/lib/python3.12/site-packages/qdrant_client/http/api_client.py", line 130, in send
    raise UnexpectedResponse.for_response(response)
qdrant_client.http.exceptions.UnexpectedResponse: Unexpected Response: 400 (Bad Request)
Raw response content:
b'{"status":{"error":"Wrong input: Vector dimension error: expected dim: 768, got 384"},"time":0.000169854}'
2026-05-15 00:46:01 - RAG_system.services.retrieval_service - [INFO] Starting search for: What are the main responsibilities of a solutions consultant at Palo Alto Networks?
2026-05-15 00:46:03 - RAG_system.services.retrieval_service - [ERROR] Search failed: Unexpected Response: 400 (Bad Request)
Raw response content:
b'{"status":{"error":"Wrong input: Vector dimension error: expected dim: 768, got 384"},"time":0.000164973}'
Traceback (most recent call last):
  File "/home/banid/projects/Leapfrog_Assignment/RAG_system/services/retrieval_service.py", line 152, in search
    logger.debug(f"Hybrid search returned {len(hybrid_candidates)} candidates")
                        ^^^^^^^^^^^^^^^^^^^^^^^^^^^^^^^^^^^^^^^^^^^^^^^^^^^^^^^
  File "/home/banid/projects/Leapfrog_Assignment/RAG_system/services/vector_search_service.py", line 50, in hybrid_search
    dense_response = self.client.query_points(
                     ^^^^^^^^^^^^^^^^^^^^^^^^^
  File "/home/banid/projects/Leapfrog_Assignment/.venv/lib/python3.12/site-packages/qdrant_client/qdrant_client.py", line 423, in query_points
    return self._client.query_points(
           ^^^^^^^^^^^^^^^^^^^^^^^^^^
  File "/home/banid/projects/Leapfrog_Assignment/.venv/lib/python3.12/site-packages/qdrant_client/qdrant_remote.py", line 583, in query_points
    query_result = self.http.search_api.query_points(
                   ^^^^^^^^^^^^^^^^^^^^^^^^^^^^^^^^^^
  File "/home/banid/projects/Leapfrog_Assignment/.venv/lib/python3.12/site-packages/qdrant_client/http/api/search_api.py", line 783, in query_points
    return self._build_for_query_points(
           ^^^^^^^^^^^^^^^^^^^^^^^^^^^^^
  File "/home/banid/projects/Leapfrog_Assignment/.venv/lib/python3.12/site-packages/qdrant_client/http/api/search_api.py", line 181, in _build_for_query_points
    return self.api_client.request(
           ^^^^^^^^^^^^^^^^^^^^^^^^
  File "/home/banid/projects/Leapfrog_Assignment/.venv/lib/python3.12/site-packages/qdrant_client/http/api_client.py", line 95, in request
    return self.send(request, type_)
           ^^^^^^^^^^^^^^^^^^^^^^^^^
  File "/home/banid/projects/Leapfrog_Assignment/.venv/lib/python3.12/site-packages/qdrant_client/http/api_client.py", line 130, in send
    raise UnexpectedResponse.for_response(response)
qdrant_client.http.exceptions.UnexpectedResponse: Unexpected Response: 400 (Bad Request)
Raw response content:
b'{"status":{"error":"Wrong input: Vector dimension error: expected dim: 768, got 384"},"time":0.000164973}'
2026-05-15 00:46:05 - RAG_system.services.retrieval_service - [INFO] Starting search for: What are the main responsibilities of a solutions consultant at Palo Alto Networks?
2026-05-15 00:46:05 - RAG_system.services.retrieval_service - [ERROR] Search failed: Unexpected Response: 400 (Bad Request)
Raw response content:
b'{"status":{"error":"Wrong input: Vector dimension error: expected dim: 768, got 384"},"time":0.000168123}'
Traceback (most recent call last):
  File "/home/banid/projects/Leapfrog_Assignment/RAG_system/services/retrieval_service.py", line 152, in search
    logger.debug(f"Hybrid search returned {len(hybrid_candidates)} candidates")
                        ^^^^^^^^^^^^^^^^^^^^^^^^^^^^^^^^^^^^^^^^^^^^^^^^^^^^^^^
  File "/home/banid/projects/Leapfrog_Assignment/RAG_system/services/vector_search_service.py", line 50, in hybrid_search
    dense_response = self.client.query_points(
                     ^^^^^^^^^^^^^^^^^^^^^^^^^
  File "/home/banid/projects/Leapfrog_Assignment/.venv/lib/python3.12/site-packages/qdrant_client/qdrant_client.py", line 423, in query_points
    return self._client.query_points(
           ^^^^^^^^^^^^^^^^^^^^^^^^^^
  File "/home/banid/projects/Leapfrog_Assignment/.venv/lib/python3.12/site-packages/qdrant_client/qdrant_remote.py", line 583, in query_points
    query_result = self.http.search_api.query_points(
                   ^^^^^^^^^^^^^^^^^^^^^^^^^^^^^^^^^^
  File "/home/banid/projects/Leapfrog_Assignment/.venv/lib/python3.12/site-packages/qdrant_client/http/api/search_api.py", line 783, in query_points
    return self._build_for_query_points(
           ^^^^^^^^^^^^^^^^^^^^^^^^^^^^^
  File "/home/banid/projects/Leapfrog_Assignment/.venv/lib/python3.12/site-packages/qdrant_client/http/api/search_api.py", line 181, in _build_for_query_points
    return self.api_client.request(
           ^^^^^^^^^^^^^^^^^^^^^^^^
  File "/home/banid/projects/Leapfrog_Assignment/.venv/lib/python3.12/site-packages/qdrant_client/http/api_client.py", line 95, in request
    return self.send(request, type_)
           ^^^^^^^^^^^^^^^^^^^^^^^^^
  File "/home/banid/projects/Leapfrog_Assignment/.venv/lib/python3.12/site-packages/qdrant_client/http/api_client.py", line 130, in send
    raise UnexpectedResponse.for_response(response)
qdrant_client.http.exceptions.UnexpectedResponse: Unexpected Response: 400 (Bad Request)
Raw response content:
b'{"status":{"error":"Wrong input: Vector dimension error: expected dim: 768, got 384"},"time":0.000168123}'
2026-05-15 00:46:09 - RAG_system.services.retrieval_service - [INFO] Starting search for: What entry level sales positions are available at Power Home Remodeling?
2026-05-15 00:46:10 - RAG_system.services.retrieval_service - [ERROR] Search failed: Unexpected Response: 400 (Bad Request)
Raw response content:
b'{"status":{"error":"Wrong input: Vector dimension error: expected dim: 768, got 384"},"time":0.000174696}'
Traceback (most recent call last):
  File "/home/banid/projects/Leapfrog_Assignment/RAG_system/services/retrieval_service.py", line 152, in search
    logger.debug(f"Hybrid search returned {len(hybrid_candidates)} candidates")
                        ^^^^^^^^^^^^^^^^^^^^^^^^^^^^^^^^^^^^^^^^^^^^^^^^^^^^^^^
  File "/home/banid/projects/Leapfrog_Assignment/RAG_system/services/vector_search_service.py", line 50, in hybrid_search
    dense_response = self.client.query_points(
                     ^^^^^^^^^^^^^^^^^^^^^^^^^
  File "/home/banid/projects/Leapfrog_Assignment/.venv/lib/python3.12/site-packages/qdrant_client/qdrant_client.py", line 423, in query_points
    return self._client.query_points(
           ^^^^^^^^^^^^^^^^^^^^^^^^^^
  File "/home/banid/projects/Leapfrog_Assignment/.venv/lib/python3.12/site-packages/qdrant_client/qdrant_remote.py", line 583, in query_points
    query_result = self.http.search_api.query_points(
                   ^^^^^^^^^^^^^^^^^^^^^^^^^^^^^^^^^^
  File "/home/banid/projects/Leapfrog_Assignment/.venv/lib/python3.12/site-packages/qdrant_client/http/api/search_api.py", line 783, in query_points
    return self._build_for_query_points(
           ^^^^^^^^^^^^^^^^^^^^^^^^^^^^^
  File "/home/banid/projects/Leapfrog_Assignment/.venv/lib/python3.12/site-packages/qdrant_client/http/api/search_api.py", line 181, in _build_for_query_points
    return self.api_client.request(
           ^^^^^^^^^^^^^^^^^^^^^^^^
  File "/home/banid/projects/Leapfrog_Assignment/.venv/lib/python3.12/site-packages/qdrant_client/http/api_client.py", line 95, in request
    return self.send(request, type_)
           ^^^^^^^^^^^^^^^^^^^^^^^^^
  File "/home/banid/projects/Leapfrog_Assignment/.venv/lib/python3.12/site-packages/qdrant_client/http/api_client.py", line 130, in send
    raise UnexpectedResponse.for_response(response)
qdrant_client.http.exceptions.UnexpectedResponse: Unexpected Response: 400 (Bad Request)
Raw response content:
b'{"status":{"error":"Wrong input: Vector dimension error: expected dim: 768, got 384"},"time":0.000174696}'
2026-05-15 00:46:11 - RAG_system.services.retrieval_service - [INFO] Starting search for: What entry level sales positions are available at Power Home Remodeling?
2026-05-15 00:46:11 - RAG_system.services.retrieval_service - [ERROR] Search failed: Unexpected Response: 400 (Bad Request)
Raw response content:
b'{"status":{"error":"Wrong input: Vector dimension error: expected dim: 768, got 384"},"time":0.000163807}'
Traceback (most recent call last):
  File "/home/banid/projects/Leapfrog_Assignment/RAG_system/services/retrieval_service.py", line 152, in search
    logger.debug(f"Hybrid search returned {len(hybrid_candidates)} candidates")
                        ^^^^^^^^^^^^^^^^^^^^^^^^^^^^^^^^^^^^^^^^^^^^^^^^^^^^^^^
  File "/home/banid/projects/Leapfrog_Assignment/RAG_system/services/vector_search_service.py", line 50, in hybrid_search
    dense_response = self.client.query_points(
                     ^^^^^^^^^^^^^^^^^^^^^^^^^
  File "/home/banid/projects/Leapfrog_Assignment/.venv/lib/python3.12/site-packages/qdrant_client/qdrant_client.py", line 423, in query_points
    return self._client.query_points(
           ^^^^^^^^^^^^^^^^^^^^^^^^^^
  File "/home/banid/projects/Leapfrog_Assignment/.venv/lib/python3.12/site-packages/qdrant_client/qdrant_remote.py", line 583, in query_points
    query_result = self.http.search_api.query_points(
                   ^^^^^^^^^^^^^^^^^^^^^^^^^^^^^^^^^^
  File "/home/banid/projects/Leapfrog_Assignment/.venv/lib/python3.12/site-packages/qdrant_client/http/api/search_api.py", line 783, in query_points
    return self._build_for_query_points(
           ^^^^^^^^^^^^^^^^^^^^^^^^^^^^^
  File "/home/banid/projects/Leapfrog_Assignment/.venv/lib/python3.12/site-packages/qdrant_client/http/api/search_api.py", line 181, in _build_for_query_points
    return self.api_client.request(
           ^^^^^^^^^^^^^^^^^^^^^^^^
  File "/home/banid/projects/Leapfrog_Assignment/.venv/lib/python3.12/site-packages/qdrant_client/http/api_client.py", line 95, in request
    return self.send(request, type_)
           ^^^^^^^^^^^^^^^^^^^^^^^^^
  File "/home/banid/projects/Leapfrog_Assignment/.venv/lib/python3.12/site-packages/qdrant_client/http/api_client.py", line 130, in send
    raise UnexpectedResponse.for_response(response)
qdrant_client.http.exceptions.UnexpectedResponse: Unexpected Response: 400 (Bad Request)
Raw response content:
b'{"status":{"error":"Wrong input: Vector dimension error: expected dim: 768, got 384"},"time":0.000163807}'
2026-05-15 00:46:13 - RAG_system.services.retrieval_service - [INFO] Starting search for: What entry level sales positions are available at Power Home Remodeling?
2026-05-15 00:46:13 - RAG_system.services.retrieval_service - [ERROR] Search failed: Unexpected Response: 400 (Bad Request)
Raw response content:
b'{"status":{"error":"Wrong input: Vector dimension error: expected dim: 768, got 384"},"time":0.000242848}'
Traceback (most recent call last):
  File "/home/banid/projects/Leapfrog_Assignment/RAG_system/services/retrieval_service.py", line 152, in search
    logger.debug(f"Hybrid search returned {len(hybrid_candidates)} candidates")
                        ^^^^^^^^^^^^^^^^^^^^^^^^^^^^^^^^^^^^^^^^^^^^^^^^^^^^^^^
  File "/home/banid/projects/Leapfrog_Assignment/RAG_system/services/vector_search_service.py", line 50, in hybrid_search
    dense_response = self.client.query_points(
                     ^^^^^^^^^^^^^^^^^^^^^^^^^
  File "/home/banid/projects/Leapfrog_Assignment/.venv/lib/python3.12/site-packages/qdrant_client/qdrant_client.py", line 423, in query_points
    return self._client.query_points(
           ^^^^^^^^^^^^^^^^^^^^^^^^^^
  File "/home/banid/projects/Leapfrog_Assignment/.venv/lib/python3.12/site-packages/qdrant_client/qdrant_remote.py", line 583, in query_points
    query_result = self.http.search_api.query_points(
                   ^^^^^^^^^^^^^^^^^^^^^^^^^^^^^^^^^^
  File "/home/banid/projects/Leapfrog_Assignment/.venv/lib/python3.12/site-packages/qdrant_client/http/api/search_api.py", line 783, in query_points
    return self._build_for_query_points(
           ^^^^^^^^^^^^^^^^^^^^^^^^^^^^^
  File "/home/banid/projects/Leapfrog_Assignment/.venv/lib/python3.12/site-packages/qdrant_client/http/api/search_api.py", line 181, in _build_for_query_points
    return self.api_client.request(
           ^^^^^^^^^^^^^^^^^^^^^^^^
  File "/home/banid/projects/Leapfrog_Assignment/.venv/lib/python3.12/site-packages/qdrant_client/http/api_client.py", line 95, in request
    return self.send(request, type_)
           ^^^^^^^^^^^^^^^^^^^^^^^^^
  File "/home/banid/projects/Leapfrog_Assignment/.venv/lib/python3.12/site-packages/qdrant_client/http/api_client.py", line 130, in send
    raise UnexpectedResponse.for_response(response)
qdrant_client.http.exceptions.UnexpectedResponse: Unexpected Response: 400 (Bad Request)
Raw response content:
b'{"status":{"error":"Wrong input: Vector dimension error: expected dim: 768, got 384"},"time":0.000242848}'
2026-05-15 00:46:17 - RAG_system.services.retrieval_service - [INFO] Starting search for: Find me project manager roles at Kyndryl
2026-05-15 00:46:17 - RAG_system.services.retrieval_service - [ERROR] Search failed: Unexpected Response: 400 (Bad Request)
Raw response content:
b'{"status":{"error":"Wrong input: Vector dimension error: expected dim: 768, got 384"},"time":0.000175902}'
Traceback (most recent call last):
  File "/home/banid/projects/Leapfrog_Assignment/RAG_system/services/retrieval_service.py", line 152, in search
    logger.debug(f"Hybrid search returned {len(hybrid_candidates)} candidates")
                        ^^^^^^^^^^^^^^^^^^^^^^^^^^^^^^^^^^^^^^^^^^^^^^^^^^^^^^^
  File "/home/banid/projects/Leapfrog_Assignment/RAG_system/services/vector_search_service.py", line 50, in hybrid_search
    dense_response = self.client.query_points(
                     ^^^^^^^^^^^^^^^^^^^^^^^^^
  File "/home/banid/projects/Leapfrog_Assignment/.venv/lib/python3.12/site-packages/qdrant_client/qdrant_client.py", line 423, in query_points
    return self._client.query_points(
           ^^^^^^^^^^^^^^^^^^^^^^^^^^
  File "/home/banid/projects/Leapfrog_Assignment/.venv/lib/python3.12/site-packages/qdrant_client/qdrant_remote.py", line 583, in query_points
    query_result = self.http.search_api.query_points(
                   ^^^^^^^^^^^^^^^^^^^^^^^^^^^^^^^^^^
  File "/home/banid/projects/Leapfrog_Assignment/.venv/lib/python3.12/site-packages/qdrant_client/http/api/search_api.py", line 783, in query_points
    return self._build_for_query_points(
           ^^^^^^^^^^^^^^^^^^^^^^^^^^^^^
  File "/home/banid/projects/Leapfrog_Assignment/.venv/lib/python3.12/site-packages/qdrant_client/http/api/search_api.py", line 181, in _build_for_query_points
    return self.api_client.request(
           ^^^^^^^^^^^^^^^^^^^^^^^^
  File "/home/banid/projects/Leapfrog_Assignment/.venv/lib/python3.12/site-packages/qdrant_client/http/api_client.py", line 95, in request
    return self.send(request, type_)
           ^^^^^^^^^^^^^^^^^^^^^^^^^
  File "/home/banid/projects/Leapfrog_Assignment/.venv/lib/python3.12/site-packages/qdrant_client/http/api_client.py", line 130, in send
    raise UnexpectedResponse.for_response(response)
qdrant_client.http.exceptions.UnexpectedResponse: Unexpected Response: 400 (Bad Request)
Raw response content:
b'{"status":{"error":"Wrong input: Vector dimension error: expected dim: 768, got 384"},"time":0.000175902}'
2026-05-15 00:46:18 - RAG_system.services.retrieval_service - [INFO] Starting search for: Find me project manager roles at Kyndryl
2026-05-15 00:46:19 - RAG_system.services.retrieval_service - [ERROR] Search failed: Unexpected Response: 400 (Bad Request)
Raw response content:
b'{"status":{"error":"Wrong input: Vector dimension error: expected dim: 768, got 384"},"time":0.000201731}'
Traceback (most recent call last):
  File "/home/banid/projects/Leapfrog_Assignment/RAG_system/services/retrieval_service.py", line 152, in search
    logger.debug(f"Hybrid search returned {len(hybrid_candidates)} candidates")
                        ^^^^^^^^^^^^^^^^^^^^^^^^^^^^^^^^^^^^^^^^^^^^^^^^^^^^^^^
  File "/home/banid/projects/Leapfrog_Assignment/RAG_system/services/vector_search_service.py", line 50, in hybrid_search
    dense_response = self.client.query_points(
                     ^^^^^^^^^^^^^^^^^^^^^^^^^
  File "/home/banid/projects/Leapfrog_Assignment/.venv/lib/python3.12/site-packages/qdrant_client/qdrant_client.py", line 423, in query_points
    return self._client.query_points(
           ^^^^^^^^^^^^^^^^^^^^^^^^^^
  File "/home/banid/projects/Leapfrog_Assignment/.venv/lib/python3.12/site-packages/qdrant_client/qdrant_remote.py", line 583, in query_points
    query_result = self.http.search_api.query_points(
                   ^^^^^^^^^^^^^^^^^^^^^^^^^^^^^^^^^^
  File "/home/banid/projects/Leapfrog_Assignment/.venv/lib/python3.12/site-packages/qdrant_client/http/api/search_api.py", line 783, in query_points
    return self._build_for_query_points(
           ^^^^^^^^^^^^^^^^^^^^^^^^^^^^^
  File "/home/banid/projects/Leapfrog_Assignment/.venv/lib/python3.12/site-packages/qdrant_client/http/api/search_api.py", line 181, in _build_for_query_points
    return self.api_client.request(
           ^^^^^^^^^^^^^^^^^^^^^^^^
  File "/home/banid/projects/Leapfrog_Assignment/.venv/lib/python3.12/site-packages/qdrant_client/http/api_client.py", line 95, in request
    return self.send(request, type_)
           ^^^^^^^^^^^^^^^^^^^^^^^^^
  File "/home/banid/projects/Leapfrog_Assignment/.venv/lib/python3.12/site-packages/qdrant_client/http/api_client.py", line 130, in send
    raise UnexpectedResponse.for_response(response)
qdrant_client.http.exceptions.UnexpectedResponse: Unexpected Response: 400 (Bad Request)
Raw response content:
b'{"status":{"error":"Wrong input: Vector dimension error: expected dim: 768, got 384"},"time":0.000201731}'
2026-05-15 00:46:21 - RAG_system.services.retrieval_service - [INFO] Starting search for: Find me project manager roles at Kyndryl
2026-05-15 00:46:21 - RAG_system.services.retrieval_service - [ERROR] Search failed: Unexpected Response: 400 (Bad Request)
Raw response content:
b'{"status":{"error":"Wrong input: Vector dimension error: expected dim: 768, got 384"},"time":0.000172398}'
Traceback (most recent call last):
  File "/home/banid/projects/Leapfrog_Assignment/RAG_system/services/retrieval_service.py", line 152, in search
    logger.debug(f"Hybrid search returned {len(hybrid_candidates)} candidates")
                        ^^^^^^^^^^^^^^^^^^^^^^^^^^^^^^^^^^^^^^^^^^^^^^^^^^^^^^^
  File "/home/banid/projects/Leapfrog_Assignment/RAG_system/services/vector_search_service.py", line 50, in hybrid_search
    dense_response = self.client.query_points(
                     ^^^^^^^^^^^^^^^^^^^^^^^^^
  File "/home/banid/projects/Leapfrog_Assignment/.venv/lib/python3.12/site-packages/qdrant_client/qdrant_client.py", line 423, in query_points
    return self._client.query_points(
           ^^^^^^^^^^^^^^^^^^^^^^^^^^
  File "/home/banid/projects/Leapfrog_Assignment/.venv/lib/python3.12/site-packages/qdrant_client/qdrant_remote.py", line 583, in query_points
    query_result = self.http.search_api.query_points(
                   ^^^^^^^^^^^^^^^^^^^^^^^^^^^^^^^^^^
  File "/home/banid/projects/Leapfrog_Assignment/.venv/lib/python3.12/site-packages/qdrant_client/http/api/search_api.py", line 783, in query_points
    return self._build_for_query_points(
           ^^^^^^^^^^^^^^^^^^^^^^^^^^^^^
  File "/home/banid/projects/Leapfrog_Assignment/.venv/lib/python3.12/site-packages/qdrant_client/http/api/search_api.py", line 181, in _build_for_query_points
    return self.api_client.request(
           ^^^^^^^^^^^^^^^^^^^^^^^^
  File "/home/banid/projects/Leapfrog_Assignment/.venv/lib/python3.12/site-packages/qdrant_client/http/api_client.py", line 95, in request
    return self.send(request, type_)
           ^^^^^^^^^^^^^^^^^^^^^^^^^
  File "/home/banid/projects/Leapfrog_Assignment/.venv/lib/python3.12/site-packages/qdrant_client/http/api_client.py", line 130, in send
    raise UnexpectedResponse.for_response(response)
qdrant_client.http.exceptions.UnexpectedResponse: Unexpected Response: 400 (Bad Request)
Raw response content:
b'{"status":{"error":"Wrong input: Vector dimension error: expected dim: 768, got 384"},"time":0.000172398}'
2026-05-15 00:46:25 - RAG_system.services.retrieval_service - [INFO] Starting search for: Does Apple have product design engineer internships?
2026-05-15 00:46:25 - RAG_system.services.retrieval_service - [ERROR] Search failed: Unexpected Response: 400 (Bad Request)
Raw response content:
b'{"status":{"error":"Wrong input: Vector dimension error: expected dim: 768, got 384"},"time":0.000173785}'
Traceback (most recent call last):
  File "/home/banid/projects/Leapfrog_Assignment/RAG_system/services/retrieval_service.py", line 152, in search
    logger.debug(f"Hybrid search returned {len(hybrid_candidates)} candidates")
                        ^^^^^^^^^^^^^^^^^^^^^^^^^^^^^^^^^^^^^^^^^^^^^^^^^^^^^^^
  File "/home/banid/projects/Leapfrog_Assignment/RAG_system/services/vector_search_service.py", line 50, in hybrid_search
    dense_response = self.client.query_points(
                     ^^^^^^^^^^^^^^^^^^^^^^^^^
  File "/home/banid/projects/Leapfrog_Assignment/.venv/lib/python3.12/site-packages/qdrant_client/qdrant_client.py", line 423, in query_points
    return self._client.query_points(
           ^^^^^^^^^^^^^^^^^^^^^^^^^^
  File "/home/banid/projects/Leapfrog_Assignment/.venv/lib/python3.12/site-packages/qdrant_client/qdrant_remote.py", line 583, in query_points
    query_result = self.http.search_api.query_points(
                   ^^^^^^^^^^^^^^^^^^^^^^^^^^^^^^^^^^
  File "/home/banid/projects/Leapfrog_Assignment/.venv/lib/python3.12/site-packages/qdrant_client/http/api/search_api.py", line 783, in query_points
    return self._build_for_query_points(
           ^^^^^^^^^^^^^^^^^^^^^^^^^^^^^
  File "/home/banid/projects/Leapfrog_Assignment/.venv/lib/python3.12/site-packages/qdrant_client/http/api/search_api.py", line 181, in _build_for_query_points
    return self.api_client.request(
           ^^^^^^^^^^^^^^^^^^^^^^^^
  File "/home/banid/projects/Leapfrog_Assignment/.venv/lib/python3.12/site-packages/qdrant_client/http/api_client.py", line 95, in request
    return self.send(request, type_)
           ^^^^^^^^^^^^^^^^^^^^^^^^^
  File "/home/banid/projects/Leapfrog_Assignment/.venv/lib/python3.12/site-packages/qdrant_client/http/api_client.py", line 130, in send
    raise UnexpectedResponse.for_response(response)
qdrant_client.http.exceptions.UnexpectedResponse: Unexpected Response: 400 (Bad Request)
Raw response content:
b'{"status":{"error":"Wrong input: Vector dimension error: expected dim: 768, got 384"},"time":0.000173785}'
2026-05-15 00:46:26 - RAG_system.services.retrieval_service - [INFO] Starting search for: Does Apple have product design engineer internships?
2026-05-15 00:46:26 - RAG_system.services.retrieval_service - [ERROR] Search failed: Unexpected Response: 400 (Bad Request)
Raw response content:
b'{"status":{"error":"Wrong input: Vector dimension error: expected dim: 768, got 384"},"time":0.000177042}'
Traceback (most recent call last):
  File "/home/banid/projects/Leapfrog_Assignment/RAG_system/services/retrieval_service.py", line 152, in search
    logger.debug(f"Hybrid search returned {len(hybrid_candidates)} candidates")
                        ^^^^^^^^^^^^^^^^^^^^^^^^^^^^^^^^^^^^^^^^^^^^^^^^^^^^^^^
  File "/home/banid/projects/Leapfrog_Assignment/RAG_system/services/vector_search_service.py", line 50, in hybrid_search
    dense_response = self.client.query_points(
                     ^^^^^^^^^^^^^^^^^^^^^^^^^
  File "/home/banid/projects/Leapfrog_Assignment/.venv/lib/python3.12/site-packages/qdrant_client/qdrant_client.py", line 423, in query_points
    return self._client.query_points(
           ^^^^^^^^^^^^^^^^^^^^^^^^^^
  File "/home/banid/projects/Leapfrog_Assignment/.venv/lib/python3.12/site-packages/qdrant_client/qdrant_remote.py", line 583, in query_points
    query_result = self.http.search_api.query_points(
                   ^^^^^^^^^^^^^^^^^^^^^^^^^^^^^^^^^^
  File "/home/banid/projects/Leapfrog_Assignment/.venv/lib/python3.12/site-packages/qdrant_client/http/api/search_api.py", line 783, in query_points
    return self._build_for_query_points(
           ^^^^^^^^^^^^^^^^^^^^^^^^^^^^^
  File "/home/banid/projects/Leapfrog_Assignment/.venv/lib/python3.12/site-packages/qdrant_client/http/api/search_api.py", line 181, in _build_for_query_points
    return self.api_client.request(
           ^^^^^^^^^^^^^^^^^^^^^^^^
  File "/home/banid/projects/Leapfrog_Assignment/.venv/lib/python3.12/site-packages/qdrant_client/http/api_client.py", line 95, in request
    return self.send(request, type_)
           ^^^^^^^^^^^^^^^^^^^^^^^^^
  File "/home/banid/projects/Leapfrog_Assignment/.venv/lib/python3.12/site-packages/qdrant_client/http/api_client.py", line 130, in send
    raise UnexpectedResponse.for_response(response)
qdrant_client.http.exceptions.UnexpectedResponse: Unexpected Response: 400 (Bad Request)
Raw response content:
b'{"status":{"error":"Wrong input: Vector dimension error: expected dim: 768, got 384"},"time":0.000177042}'
2026-05-15 00:46:28 - RAG_system.services.retrieval_service - [INFO] Starting search for: Does Apple have product design engineer internships?
2026-05-15 00:46:28 - RAG_system.services.retrieval_service - [ERROR] Search failed: Unexpected Response: 400 (Bad Request)
Raw response content:
b'{"status":{"error":"Wrong input: Vector dimension error: expected dim: 768, got 384"},"time":0.000176862}'
Traceback (most recent call last):
  File "/home/banid/projects/Leapfrog_Assignment/RAG_system/services/retrieval_service.py", line 152, in search
    logger.debug(f"Hybrid search returned {len(hybrid_candidates)} candidates")
                        ^^^^^^^^^^^^^^^^^^^^^^^^^^^^^^^^^^^^^^^^^^^^^^^^^^^^^^^
  File "/home/banid/projects/Leapfrog_Assignment/RAG_system/services/vector_search_service.py", line 50, in hybrid_search
    dense_response = self.client.query_points(
                     ^^^^^^^^^^^^^^^^^^^^^^^^^
  File "/home/banid/projects/Leapfrog_Assignment/.venv/lib/python3.12/site-packages/qdrant_client/qdrant_client.py", line 423, in query_points
    return self._client.query_points(
           ^^^^^^^^^^^^^^^^^^^^^^^^^^
  File "/home/banid/projects/Leapfrog_Assignment/.venv/lib/python3.12/site-packages/qdrant_client/qdrant_remote.py", line 583, in query_points
    query_result = self.http.search_api.query_points(
                   ^^^^^^^^^^^^^^^^^^^^^^^^^^^^^^^^^^
  File "/home/banid/projects/Leapfrog_Assignment/.venv/lib/python3.12/site-packages/qdrant_client/http/api/search_api.py", line 783, in query_points
    return self._build_for_query_points(
           ^^^^^^^^^^^^^^^^^^^^^^^^^^^^^
  File "/home/banid/projects/Leapfrog_Assignment/.venv/lib/python3.12/site-packages/qdrant_client/http/api/search_api.py", line 181, in _build_for_query_points
    return self.api_client.request(
           ^^^^^^^^^^^^^^^^^^^^^^^^
  File "/home/banid/projects/Leapfrog_Assignment/.venv/lib/python3.12/site-packages/qdrant_client/http/api_client.py", line 95, in request
    return self.send(request, type_)
           ^^^^^^^^^^^^^^^^^^^^^^^^^
  File "/home/banid/projects/Leapfrog_Assignment/.venv/lib/python3.12/site-packages/qdrant_client/http/api_client.py", line 130, in send
    raise UnexpectedResponse.for_response(response)
qdrant_client.http.exceptions.UnexpectedResponse: Unexpected Response: 400 (Bad Request)
Raw response content:
b'{"status":{"error":"Wrong input: Vector dimension error: expected dim: 768, got 384"},"time":0.000176862}'
2026-05-15 00:46:32 - RAG_system.services.retrieval_service - [INFO] Starting search for: What content design roles are available at Meta?
2026-05-15 00:46:33 - RAG_system.services.retrieval_service - [ERROR] Search failed: Unexpected Response: 400 (Bad Request)
Raw response content:
b'{"status":{"error":"Wrong input: Vector dimension error: expected dim: 768, got 384"},"time":0.000166277}'
Traceback (most recent call last):
  File "/home/banid/projects/Leapfrog_Assignment/RAG_system/services/retrieval_service.py", line 152, in search
    logger.debug(f"Hybrid search returned {len(hybrid_candidates)} candidates")
                        ^^^^^^^^^^^^^^^^^^^^^^^^^^^^^^^^^^^^^^^^^^^^^^^^^^^^^^^
  File "/home/banid/projects/Leapfrog_Assignment/RAG_system/services/vector_search_service.py", line 50, in hybrid_search
    dense_response = self.client.query_points(
                     ^^^^^^^^^^^^^^^^^^^^^^^^^
  File "/home/banid/projects/Leapfrog_Assignment/.venv/lib/python3.12/site-packages/qdrant_client/qdrant_client.py", line 423, in query_points
    return self._client.query_points(
           ^^^^^^^^^^^^^^^^^^^^^^^^^^
  File "/home/banid/projects/Leapfrog_Assignment/.venv/lib/python3.12/site-packages/qdrant_client/qdrant_remote.py", line 583, in query_points
    query_result = self.http.search_api.query_points(
                   ^^^^^^^^^^^^^^^^^^^^^^^^^^^^^^^^^^
  File "/home/banid/projects/Leapfrog_Assignment/.venv/lib/python3.12/site-packages/qdrant_client/http/api/search_api.py", line 783, in query_points
    return self._build_for_query_points(
           ^^^^^^^^^^^^^^^^^^^^^^^^^^^^^
  File "/home/banid/projects/Leapfrog_Assignment/.venv/lib/python3.12/site-packages/qdrant_client/http/api/search_api.py", line 181, in _build_for_query_points
    return self.api_client.request(
           ^^^^^^^^^^^^^^^^^^^^^^^^
  File "/home/banid/projects/Leapfrog_Assignment/.venv/lib/python3.12/site-packages/qdrant_client/http/api_client.py", line 95, in request
    return self.send(request, type_)
           ^^^^^^^^^^^^^^^^^^^^^^^^^
  File "/home/banid/projects/Leapfrog_Assignment/.venv/lib/python3.12/site-packages/qdrant_client/http/api_client.py", line 130, in send
    raise UnexpectedResponse.for_response(response)
qdrant_client.http.exceptions.UnexpectedResponse: Unexpected Response: 400 (Bad Request)
Raw response content:
b'{"status":{"error":"Wrong input: Vector dimension error: expected dim: 768, got 384"},"time":0.000166277}'
2026-05-15 00:46:34 - RAG_system.services.retrieval_service - [INFO] Starting search for: What content design roles are available at Meta?
2026-05-15 00:46:34 - RAG_system.services.retrieval_service - [ERROR] Search failed: Unexpected Response: 400 (Bad Request)
Raw response content:
b'{"status":{"error":"Wrong input: Vector dimension error: expected dim: 768, got 384"},"time":0.00018446}'
Traceback (most recent call last):
  File "/home/banid/projects/Leapfrog_Assignment/RAG_system/services/retrieval_service.py", line 152, in search
    logger.debug(f"Hybrid search returned {len(hybrid_candidates)} candidates")
                        ^^^^^^^^^^^^^^^^^^^^^^^^^^^^^^^^^^^^^^^^^^^^^^^^^^^^^^^
  File "/home/banid/projects/Leapfrog_Assignment/RAG_system/services/vector_search_service.py", line 50, in hybrid_search
    dense_response = self.client.query_points(
                     ^^^^^^^^^^^^^^^^^^^^^^^^^
  File "/home/banid/projects/Leapfrog_Assignment/.venv/lib/python3.12/site-packages/qdrant_client/qdrant_client.py", line 423, in query_points
    return self._client.query_points(
           ^^^^^^^^^^^^^^^^^^^^^^^^^^
  File "/home/banid/projects/Leapfrog_Assignment/.venv/lib/python3.12/site-packages/qdrant_client/qdrant_remote.py", line 583, in query_points
    query_result = self.http.search_api.query_points(
                   ^^^^^^^^^^^^^^^^^^^^^^^^^^^^^^^^^^
  File "/home/banid/projects/Leapfrog_Assignment/.venv/lib/python3.12/site-packages/qdrant_client/http/api/search_api.py", line 783, in query_points
    return self._build_for_query_points(
           ^^^^^^^^^^^^^^^^^^^^^^^^^^^^^
  File "/home/banid/projects/Leapfrog_Assignment/.venv/lib/python3.12/site-packages/qdrant_client/http/api/search_api.py", line 181, in _build_for_query_points
    return self.api_client.request(
           ^^^^^^^^^^^^^^^^^^^^^^^^
  File "/home/banid/projects/Leapfrog_Assignment/.venv/lib/python3.12/site-packages/qdrant_client/http/api_client.py", line 95, in request
    return self.send(request, type_)
           ^^^^^^^^^^^^^^^^^^^^^^^^^
  File "/home/banid/projects/Leapfrog_Assignment/.venv/lib/python3.12/site-packages/qdrant_client/http/api_client.py", line 130, in send
    raise UnexpectedResponse.for_response(response)
qdrant_client.http.exceptions.UnexpectedResponse: Unexpected Response: 400 (Bad Request)
Raw response content:
b'{"status":{"error":"Wrong input: Vector dimension error: expected dim: 768, got 384"},"time":0.00018446}'
2026-05-15 00:46:37 - RAG_system.services.retrieval_service - [INFO] Starting search for: What content design roles are available at Meta?
2026-05-15 00:46:38 - RAG_system.services.retrieval_service - [ERROR] Search failed: Unexpected Response: 400 (Bad Request)
Raw response content:
b'{"status":{"error":"Wrong input: Vector dimension error: expected dim: 768, got 384"},"time":0.000170364}'
Traceback (most recent call last):
  File "/home/banid/projects/Leapfrog_Assignment/RAG_system/services/retrieval_service.py", line 152, in search
    logger.debug(f"Hybrid search returned {len(hybrid_candidates)} candidates")
                        ^^^^^^^^^^^^^^^^^^^^^^^^^^^^^^^^^^^^^^^^^^^^^^^^^^^^^^^
  File "/home/banid/projects/Leapfrog_Assignment/RAG_system/services/vector_search_service.py", line 50, in hybrid_search
    dense_response = self.client.query_points(
                     ^^^^^^^^^^^^^^^^^^^^^^^^^
  File "/home/banid/projects/Leapfrog_Assignment/.venv/lib/python3.12/site-packages/qdrant_client/qdrant_client.py", line 423, in query_points
    return self._client.query_points(
           ^^^^^^^^^^^^^^^^^^^^^^^^^^
  File "/home/banid/projects/Leapfrog_Assignment/.venv/lib/python3.12/site-packages/qdrant_client/qdrant_remote.py", line 583, in query_points
    query_result = self.http.search_api.query_points(
                   ^^^^^^^^^^^^^^^^^^^^^^^^^^^^^^^^^^
  File "/home/banid/projects/Leapfrog_Assignment/.venv/lib/python3.12/site-packages/qdrant_client/http/api/search_api.py", line 783, in query_points
    return self._build_for_query_points(
           ^^^^^^^^^^^^^^^^^^^^^^^^^^^^^
  File "/home/banid/projects/Leapfrog_Assignment/.venv/lib/python3.12/site-packages/qdrant_client/http/api/search_api.py", line 181, in _build_for_query_points
    return self.api_client.request(
           ^^^^^^^^^^^^^^^^^^^^^^^^
  File "/home/banid/projects/Leapfrog_Assignment/.venv/lib/python3.12/site-packages/qdrant_client/http/api_client.py", line 95, in request
    return self.send(request, type_)
           ^^^^^^^^^^^^^^^^^^^^^^^^^
  File "/home/banid/projects/Leapfrog_Assignment/.venv/lib/python3.12/site-packages/qdrant_client/http/api_client.py", line 130, in send
    raise UnexpectedResponse.for_response(response)
qdrant_client.http.exceptions.UnexpectedResponse: Unexpected Response: 400 (Bad Request)
Raw response content:
b'{"status":{"error":"Wrong input: Vector dimension error: expected dim: 768, got 384"},"time":0.000170364}'
2026-05-15 00:46:42 - RAG_system.services.retrieval_service - [INFO] Starting search for: What skills are needed for a cybersecurity engineer role at CrowdStrike?
2026-05-15 00:46:42 - RAG_system.services.retrieval_service - [ERROR] Search failed: Unexpected Response: 400 (Bad Request)
Raw response content:
b'{"status":{"error":"Wrong input: Vector dimension error: expected dim: 768, got 384"},"time":0.000165629}'
Traceback (most recent call last):
  File "/home/banid/projects/Leapfrog_Assignment/RAG_system/services/retrieval_service.py", line 152, in search
    logger.debug(f"Hybrid search returned {len(hybrid_candidates)} candidates")
                        ^^^^^^^^^^^^^^^^^^^^^^^^^^^^^^^^^^^^^^^^^^^^^^^^^^^^^^^
  File "/home/banid/projects/Leapfrog_Assignment/RAG_system/services/vector_search_service.py", line 50, in hybrid_search
    dense_response = self.client.query_points(
                     ^^^^^^^^^^^^^^^^^^^^^^^^^
  File "/home/banid/projects/Leapfrog_Assignment/.venv/lib/python3.12/site-packages/qdrant_client/qdrant_client.py", line 423, in query_points
    return self._client.query_points(
           ^^^^^^^^^^^^^^^^^^^^^^^^^^
  File "/home/banid/projects/Leapfrog_Assignment/.venv/lib/python3.12/site-packages/qdrant_client/qdrant_remote.py", line 583, in query_points
    query_result = self.http.search_api.query_points(
                   ^^^^^^^^^^^^^^^^^^^^^^^^^^^^^^^^^^
  File "/home/banid/projects/Leapfrog_Assignment/.venv/lib/python3.12/site-packages/qdrant_client/http/api/search_api.py", line 783, in query_points
    return self._build_for_query_points(
           ^^^^^^^^^^^^^^^^^^^^^^^^^^^^^
  File "/home/banid/projects/Leapfrog_Assignment/.venv/lib/python3.12/site-packages/qdrant_client/http/api/search_api.py", line 181, in _build_for_query_points
    return self.api_client.request(
           ^^^^^^^^^^^^^^^^^^^^^^^^
  File "/home/banid/projects/Leapfrog_Assignment/.venv/lib/python3.12/site-packages/qdrant_client/http/api_client.py", line 95, in request
    return self.send(request, type_)
           ^^^^^^^^^^^^^^^^^^^^^^^^^
  File "/home/banid/projects/Leapfrog_Assignment/.venv/lib/python3.12/site-packages/qdrant_client/http/api_client.py", line 130, in send
    raise UnexpectedResponse.for_response(response)
qdrant_client.http.exceptions.UnexpectedResponse: Unexpected Response: 400 (Bad Request)
Raw response content:
b'{"status":{"error":"Wrong input: Vector dimension error: expected dim: 768, got 384"},"time":0.000165629}'
2026-05-15 00:46:43 - RAG_system.services.retrieval_service - [INFO] Starting search for: What skills are needed for a cybersecurity engineer role at CrowdStrike?
2026-05-15 00:46:43 - RAG_system.services.retrieval_service - [ERROR] Search failed: Unexpected Response: 400 (Bad Request)
Raw response content:
b'{"status":{"error":"Wrong input: Vector dimension error: expected dim: 768, got 384"},"time":0.000171799}'
Traceback (most recent call last):
  File "/home/banid/projects/Leapfrog_Assignment/RAG_system/services/retrieval_service.py", line 152, in search
    logger.debug(f"Hybrid search returned {len(hybrid_candidates)} candidates")
                        ^^^^^^^^^^^^^^^^^^^^^^^^^^^^^^^^^^^^^^^^^^^^^^^^^^^^^^^
  File "/home/banid/projects/Leapfrog_Assignment/RAG_system/services/vector_search_service.py", line 50, in hybrid_search
    dense_response = self.client.query_points(
                     ^^^^^^^^^^^^^^^^^^^^^^^^^
  File "/home/banid/projects/Leapfrog_Assignment/.venv/lib/python3.12/site-packages/qdrant_client/qdrant_client.py", line 423, in query_points
    return self._client.query_points(
           ^^^^^^^^^^^^^^^^^^^^^^^^^^
  File "/home/banid/projects/Leapfrog_Assignment/.venv/lib/python3.12/site-packages/qdrant_client/qdrant_remote.py", line 583, in query_points
    query_result = self.http.search_api.query_points(
                   ^^^^^^^^^^^^^^^^^^^^^^^^^^^^^^^^^^
  File "/home/banid/projects/Leapfrog_Assignment/.venv/lib/python3.12/site-packages/qdrant_client/http/api/search_api.py", line 783, in query_points
    return self._build_for_query_points(
           ^^^^^^^^^^^^^^^^^^^^^^^^^^^^^
  File "/home/banid/projects/Leapfrog_Assignment/.venv/lib/python3.12/site-packages/qdrant_client/http/api/search_api.py", line 181, in _build_for_query_points
    return self.api_client.request(
           ^^^^^^^^^^^^^^^^^^^^^^^^
  File "/home/banid/projects/Leapfrog_Assignment/.venv/lib/python3.12/site-packages/qdrant_client/http/api_client.py", line 95, in request
    return self.send(request, type_)
           ^^^^^^^^^^^^^^^^^^^^^^^^^
  File "/home/banid/projects/Leapfrog_Assignment/.venv/lib/python3.12/site-packages/qdrant_client/http/api_client.py", line 130, in send
    raise UnexpectedResponse.for_response(response)
qdrant_client.http.exceptions.UnexpectedResponse: Unexpected Response: 400 (Bad Request)
Raw response content:
b'{"status":{"error":"Wrong input: Vector dimension error: expected dim: 768, got 384"},"time":0.000171799}'
2026-05-15 00:46:45 - RAG_system.services.retrieval_service - [INFO] Starting search for: What skills are needed for a cybersecurity engineer role at CrowdStrike?
2026-05-15 00:46:45 - RAG_system.services.retrieval_service - [ERROR] Search failed: Unexpected Response: 400 (Bad Request)
Raw response content:
b'{"status":{"error":"Wrong input: Vector dimension error: expected dim: 768, got 384"},"time":0.000180234}'
Traceback (most recent call last):
  File "/home/banid/projects/Leapfrog_Assignment/RAG_system/services/retrieval_service.py", line 152, in search
    logger.debug(f"Hybrid search returned {len(hybrid_candidates)} candidates")
                        ^^^^^^^^^^^^^^^^^^^^^^^^^^^^^^^^^^^^^^^^^^^^^^^^^^^^^^^
  File "/home/banid/projects/Leapfrog_Assignment/RAG_system/services/vector_search_service.py", line 50, in hybrid_search
    dense_response = self.client.query_points(
                     ^^^^^^^^^^^^^^^^^^^^^^^^^
  File "/home/banid/projects/Leapfrog_Assignment/.venv/lib/python3.12/site-packages/qdrant_client/qdrant_client.py", line 423, in query_points
    return self._client.query_points(
           ^^^^^^^^^^^^^^^^^^^^^^^^^^
  File "/home/banid/projects/Leapfrog_Assignment/.venv/lib/python3.12/site-packages/qdrant_client/qdrant_remote.py", line 583, in query_points
    query_result = self.http.search_api.query_points(
                   ^^^^^^^^^^^^^^^^^^^^^^^^^^^^^^^^^^
  File "/home/banid/projects/Leapfrog_Assignment/.venv/lib/python3.12/site-packages/qdrant_client/http/api/search_api.py", line 783, in query_points
    return self._build_for_query_points(
           ^^^^^^^^^^^^^^^^^^^^^^^^^^^^^
  File "/home/banid/projects/Leapfrog_Assignment/.venv/lib/python3.12/site-packages/qdrant_client/http/api/search_api.py", line 181, in _build_for_query_points
    return self.api_client.request(
           ^^^^^^^^^^^^^^^^^^^^^^^^
  File "/home/banid/projects/Leapfrog_Assignment/.venv/lib/python3.12/site-packages/qdrant_client/http/api_client.py", line 95, in request
    return self.send(request, type_)
           ^^^^^^^^^^^^^^^^^^^^^^^^^
  File "/home/banid/projects/Leapfrog_Assignment/.venv/lib/python3.12/site-packages/qdrant_client/http/api_client.py", line 130, in send
    raise UnexpectedResponse.for_response(response)
qdrant_client.http.exceptions.UnexpectedResponse: Unexpected Response: 400 (Bad Request)
Raw response content:
b'{"status":{"error":"Wrong input: Vector dimension error: expected dim: 768, got 384"},"time":0.000180234}'
2026-05-15 00:46:49 - RAG_system.services.retrieval_service - [INFO] Starting search for: What does a product marketing manager at TikTok in the travel industry do?
2026-05-15 00:46:49 - RAG_system.services.retrieval_service - [ERROR] Search failed: Unexpected Response: 400 (Bad Request)
Raw response content:
b'{"status":{"error":"Wrong input: Vector dimension error: expected dim: 768, got 384"},"time":0.000170035}'
Traceback (most recent call last):
  File "/home/banid/projects/Leapfrog_Assignment/RAG_system/services/retrieval_service.py", line 152, in search
    logger.debug(f"Hybrid search returned {len(hybrid_candidates)} candidates")
                        ^^^^^^^^^^^^^^^^^^^^^^^^^^^^^^^^^^^^^^^^^^^^^^^^^^^^^^^
  File "/home/banid/projects/Leapfrog_Assignment/RAG_system/services/vector_search_service.py", line 50, in hybrid_search
    dense_response = self.client.query_points(
                     ^^^^^^^^^^^^^^^^^^^^^^^^^
  File "/home/banid/projects/Leapfrog_Assignment/.venv/lib/python3.12/site-packages/qdrant_client/qdrant_client.py", line 423, in query_points
    return self._client.query_points(
           ^^^^^^^^^^^^^^^^^^^^^^^^^^
  File "/home/banid/projects/Leapfrog_Assignment/.venv/lib/python3.12/site-packages/qdrant_client/qdrant_remote.py", line 583, in query_points
    query_result = self.http.search_api.query_points(
                   ^^^^^^^^^^^^^^^^^^^^^^^^^^^^^^^^^^
  File "/home/banid/projects/Leapfrog_Assignment/.venv/lib/python3.12/site-packages/qdrant_client/http/api/search_api.py", line 783, in query_points
    return self._build_for_query_points(
           ^^^^^^^^^^^^^^^^^^^^^^^^^^^^^
  File "/home/banid/projects/Leapfrog_Assignment/.venv/lib/python3.12/site-packages/qdrant_client/http/api/search_api.py", line 181, in _build_for_query_points
    return self.api_client.request(
           ^^^^^^^^^^^^^^^^^^^^^^^^
  File "/home/banid/projects/Leapfrog_Assignment/.venv/lib/python3.12/site-packages/qdrant_client/http/api_client.py", line 95, in request
    return self.send(request, type_)
           ^^^^^^^^^^^^^^^^^^^^^^^^^
  File "/home/banid/projects/Leapfrog_Assignment/.venv/lib/python3.12/site-packages/qdrant_client/http/api_client.py", line 130, in send
    raise UnexpectedResponse.for_response(response)
qdrant_client.http.exceptions.UnexpectedResponse: Unexpected Response: 400 (Bad Request)
Raw response content:
b'{"status":{"error":"Wrong input: Vector dimension error: expected dim: 768, got 384"},"time":0.000170035}'
2026-05-15 00:46:50 - RAG_system.services.retrieval_service - [INFO] Starting search for: What does a product marketing manager at TikTok in the travel industry do?
2026-05-15 00:46:51 - RAG_system.services.retrieval_service - [ERROR] Search failed: Unexpected Response: 400 (Bad Request)
Raw response content:
b'{"status":{"error":"Wrong input: Vector dimension error: expected dim: 768, got 384"},"time":0.000184689}'
Traceback (most recent call last):
  File "/home/banid/projects/Leapfrog_Assignment/RAG_system/services/retrieval_service.py", line 152, in search
    logger.debug(f"Hybrid search returned {len(hybrid_candidates)} candidates")
                        ^^^^^^^^^^^^^^^^^^^^^^^^^^^^^^^^^^^^^^^^^^^^^^^^^^^^^^^
  File "/home/banid/projects/Leapfrog_Assignment/RAG_system/services/vector_search_service.py", line 50, in hybrid_search
    dense_response = self.client.query_points(
                     ^^^^^^^^^^^^^^^^^^^^^^^^^
  File "/home/banid/projects/Leapfrog_Assignment/.venv/lib/python3.12/site-packages/qdrant_client/qdrant_client.py", line 423, in query_points
    return self._client.query_points(
           ^^^^^^^^^^^^^^^^^^^^^^^^^^
  File "/home/banid/projects/Leapfrog_Assignment/.venv/lib/python3.12/site-packages/qdrant_client/qdrant_remote.py", line 583, in query_points
    query_result = self.http.search_api.query_points(
                   ^^^^^^^^^^^^^^^^^^^^^^^^^^^^^^^^^^
  File "/home/banid/projects/Leapfrog_Assignment/.venv/lib/python3.12/site-packages/qdrant_client/http/api/search_api.py", line 783, in query_points
    return self._build_for_query_points(
           ^^^^^^^^^^^^^^^^^^^^^^^^^^^^^
  File "/home/banid/projects/Leapfrog_Assignment/.venv/lib/python3.12/site-packages/qdrant_client/http/api/search_api.py", line 181, in _build_for_query_points
    return self.api_client.request(
           ^^^^^^^^^^^^^^^^^^^^^^^^
  File "/home/banid/projects/Leapfrog_Assignment/.venv/lib/python3.12/site-packages/qdrant_client/http/api_client.py", line 95, in request
    return self.send(request, type_)
           ^^^^^^^^^^^^^^^^^^^^^^^^^
  File "/home/banid/projects/Leapfrog_Assignment/.venv/lib/python3.12/site-packages/qdrant_client/http/api_client.py", line 130, in send
    raise UnexpectedResponse.for_response(response)
qdrant_client.http.exceptions.UnexpectedResponse: Unexpected Response: 400 (Bad Request)
Raw response content:
b'{"status":{"error":"Wrong input: Vector dimension error: expected dim: 768, got 384"},"time":0.000184689}'
2026-05-15 00:46:53 - RAG_system.services.retrieval_service - [INFO] Starting search for: What does a product marketing manager at TikTok in the travel industry do?
2026-05-15 00:46:53 - RAG_system.services.retrieval_service - [ERROR] Search failed: Unexpected Response: 400 (Bad Request)
Raw response content:
b'{"status":{"error":"Wrong input: Vector dimension error: expected dim: 768, got 384"},"time":0.00016439}'
Traceback (most recent call last):
  File "/home/banid/projects/Leapfrog_Assignment/RAG_system/services/retrieval_service.py", line 152, in search
    logger.debug(f"Hybrid search returned {len(hybrid_candidates)} candidates")
                        ^^^^^^^^^^^^^^^^^^^^^^^^^^^^^^^^^^^^^^^^^^^^^^^^^^^^^^^
  File "/home/banid/projects/Leapfrog_Assignment/RAG_system/services/vector_search_service.py", line 50, in hybrid_search
    dense_response = self.client.query_points(
                     ^^^^^^^^^^^^^^^^^^^^^^^^^
  File "/home/banid/projects/Leapfrog_Assignment/.venv/lib/python3.12/site-packages/qdrant_client/qdrant_client.py", line 423, in query_points
    return self._client.query_points(
           ^^^^^^^^^^^^^^^^^^^^^^^^^^
  File "/home/banid/projects/Leapfrog_Assignment/.venv/lib/python3.12/site-packages/qdrant_client/qdrant_remote.py", line 583, in query_points
    query_result = self.http.search_api.query_points(
                   ^^^^^^^^^^^^^^^^^^^^^^^^^^^^^^^^^^
  File "/home/banid/projects/Leapfrog_Assignment/.venv/lib/python3.12/site-packages/qdrant_client/http/api/search_api.py", line 783, in query_points
    return self._build_for_query_points(
           ^^^^^^^^^^^^^^^^^^^^^^^^^^^^^
  File "/home/banid/projects/Leapfrog_Assignment/.venv/lib/python3.12/site-packages/qdrant_client/http/api/search_api.py", line 181, in _build_for_query_points
    return self.api_client.request(
           ^^^^^^^^^^^^^^^^^^^^^^^^
  File "/home/banid/projects/Leapfrog_Assignment/.venv/lib/python3.12/site-packages/qdrant_client/http/api_client.py", line 95, in request
    return self.send(request, type_)
           ^^^^^^^^^^^^^^^^^^^^^^^^^
  File "/home/banid/projects/Leapfrog_Assignment/.venv/lib/python3.12/site-packages/qdrant_client/http/api_client.py", line 130, in send
    raise UnexpectedResponse.for_response(response)
qdrant_client.http.exceptions.UnexpectedResponse: Unexpected Response: 400 (Bad Request)
Raw response content:
b'{"status":{"error":"Wrong input: Vector dimension error: expected dim: 768, got 384"},"time":0.00016439}'
2026-05-15 00:46:57 - RAG_system.services.retrieval_service - [INFO] Starting search for: Tell me about senior level design roles at CVS Health
2026-05-15 00:46:57 - RAG_system.services.retrieval_service - [ERROR] Search failed: Unexpected Response: 400 (Bad Request)
Raw response content:
b'{"status":{"error":"Wrong input: Vector dimension error: expected dim: 768, got 384"},"time":0.000170896}'
Traceback (most recent call last):
  File "/home/banid/projects/Leapfrog_Assignment/RAG_system/services/retrieval_service.py", line 152, in search
    logger.debug(f"Hybrid search returned {len(hybrid_candidates)} candidates")
                        ^^^^^^^^^^^^^^^^^^^^^^^^^^^^^^^^^^^^^^^^^^^^^^^^^^^^^^^
  File "/home/banid/projects/Leapfrog_Assignment/RAG_system/services/vector_search_service.py", line 50, in hybrid_search
    dense_response = self.client.query_points(
                     ^^^^^^^^^^^^^^^^^^^^^^^^^
  File "/home/banid/projects/Leapfrog_Assignment/.venv/lib/python3.12/site-packages/qdrant_client/qdrant_client.py", line 423, in query_points
    return self._client.query_points(
           ^^^^^^^^^^^^^^^^^^^^^^^^^^
  File "/home/banid/projects/Leapfrog_Assignment/.venv/lib/python3.12/site-packages/qdrant_client/qdrant_remote.py", line 583, in query_points
    query_result = self.http.search_api.query_points(
                   ^^^^^^^^^^^^^^^^^^^^^^^^^^^^^^^^^^
  File "/home/banid/projects/Leapfrog_Assignment/.venv/lib/python3.12/site-packages/qdrant_client/http/api/search_api.py", line 783, in query_points
    return self._build_for_query_points(
           ^^^^^^^^^^^^^^^^^^^^^^^^^^^^^
  File "/home/banid/projects/Leapfrog_Assignment/.venv/lib/python3.12/site-packages/qdrant_client/http/api/search_api.py", line 181, in _build_for_query_points
    return self.api_client.request(
           ^^^^^^^^^^^^^^^^^^^^^^^^
  File "/home/banid/projects/Leapfrog_Assignment/.venv/lib/python3.12/site-packages/qdrant_client/http/api_client.py", line 95, in request
    return self.send(request, type_)
           ^^^^^^^^^^^^^^^^^^^^^^^^^
  File "/home/banid/projects/Leapfrog_Assignment/.venv/lib/python3.12/site-packages/qdrant_client/http/api_client.py", line 130, in send
    raise UnexpectedResponse.for_response(response)
qdrant_client.http.exceptions.UnexpectedResponse: Unexpected Response: 400 (Bad Request)
Raw response content:
b'{"status":{"error":"Wrong input: Vector dimension error: expected dim: 768, got 384"},"time":0.000170896}'
2026-05-15 00:46:58 - RAG_system.services.retrieval_service - [INFO] Starting search for: Tell me about senior level design roles at CVS Health
2026-05-15 00:46:58 - RAG_system.services.retrieval_service - [ERROR] Search failed: Unexpected Response: 400 (Bad Request)
Raw response content:
b'{"status":{"error":"Wrong input: Vector dimension error: expected dim: 768, got 384"},"time":0.000166056}'
Traceback (most recent call last):
  File "/home/banid/projects/Leapfrog_Assignment/RAG_system/services/retrieval_service.py", line 152, in search
    logger.debug(f"Hybrid search returned {len(hybrid_candidates)} candidates")
                        ^^^^^^^^^^^^^^^^^^^^^^^^^^^^^^^^^^^^^^^^^^^^^^^^^^^^^^^
  File "/home/banid/projects/Leapfrog_Assignment/RAG_system/services/vector_search_service.py", line 50, in hybrid_search
    dense_response = self.client.query_points(
                     ^^^^^^^^^^^^^^^^^^^^^^^^^
  File "/home/banid/projects/Leapfrog_Assignment/.venv/lib/python3.12/site-packages/qdrant_client/qdrant_client.py", line 423, in query_points
    return self._client.query_points(
           ^^^^^^^^^^^^^^^^^^^^^^^^^^
  File "/home/banid/projects/Leapfrog_Assignment/.venv/lib/python3.12/site-packages/qdrant_client/qdrant_remote.py", line 583, in query_points
    query_result = self.http.search_api.query_points(
                   ^^^^^^^^^^^^^^^^^^^^^^^^^^^^^^^^^^
  File "/home/banid/projects/Leapfrog_Assignment/.venv/lib/python3.12/site-packages/qdrant_client/http/api/search_api.py", line 783, in query_points
    return self._build_for_query_points(
           ^^^^^^^^^^^^^^^^^^^^^^^^^^^^^
  File "/home/banid/projects/Leapfrog_Assignment/.venv/lib/python3.12/site-packages/qdrant_client/http/api/search_api.py", line 181, in _build_for_query_points
    return self.api_client.request(
           ^^^^^^^^^^^^^^^^^^^^^^^^
  File "/home/banid/projects/Leapfrog_Assignment/.venv/lib/python3.12/site-packages/qdrant_client/http/api_client.py", line 95, in request
    return self.send(request, type_)
           ^^^^^^^^^^^^^^^^^^^^^^^^^
  File "/home/banid/projects/Leapfrog_Assignment/.venv/lib/python3.12/site-packages/qdrant_client/http/api_client.py", line 130, in send
    raise UnexpectedResponse.for_response(response)
qdrant_client.http.exceptions.UnexpectedResponse: Unexpected Response: 400 (Bad Request)
Raw response content:
b'{"status":{"error":"Wrong input: Vector dimension error: expected dim: 768, got 384"},"time":0.000166056}'
2026-05-15 00:47:00 - RAG_system.services.retrieval_service - [INFO] Starting search for: Tell me about senior level design roles at CVS Health
2026-05-15 00:47:00 - RAG_system.services.retrieval_service - [ERROR] Search failed: Unexpected Response: 400 (Bad Request)
Raw response content:
b'{"status":{"error":"Wrong input: Vector dimension error: expected dim: 768, got 384"},"time":0.00017582}'
Traceback (most recent call last):
  File "/home/banid/projects/Leapfrog_Assignment/RAG_system/services/retrieval_service.py", line 152, in search
    logger.debug(f"Hybrid search returned {len(hybrid_candidates)} candidates")
                        ^^^^^^^^^^^^^^^^^^^^^^^^^^^^^^^^^^^^^^^^^^^^^^^^^^^^^^^
  File "/home/banid/projects/Leapfrog_Assignment/RAG_system/services/vector_search_service.py", line 50, in hybrid_search
    dense_response = self.client.query_points(
                     ^^^^^^^^^^^^^^^^^^^^^^^^^
  File "/home/banid/projects/Leapfrog_Assignment/.venv/lib/python3.12/site-packages/qdrant_client/qdrant_client.py", line 423, in query_points
    return self._client.query_points(
           ^^^^^^^^^^^^^^^^^^^^^^^^^^
  File "/home/banid/projects/Leapfrog_Assignment/.venv/lib/python3.12/site-packages/qdrant_client/qdrant_remote.py", line 583, in query_points
    query_result = self.http.search_api.query_points(
                   ^^^^^^^^^^^^^^^^^^^^^^^^^^^^^^^^^^
  File "/home/banid/projects/Leapfrog_Assignment/.venv/lib/python3.12/site-packages/qdrant_client/http/api/search_api.py", line 783, in query_points
    return self._build_for_query_points(
           ^^^^^^^^^^^^^^^^^^^^^^^^^^^^^
  File "/home/banid/projects/Leapfrog_Assignment/.venv/lib/python3.12/site-packages/qdrant_client/http/api/search_api.py", line 181, in _build_for_query_points
    return self.api_client.request(
           ^^^^^^^^^^^^^^^^^^^^^^^^
  File "/home/banid/projects/Leapfrog_Assignment/.venv/lib/python3.12/site-packages/qdrant_client/http/api_client.py", line 95, in request
    return self.send(request, type_)
           ^^^^^^^^^^^^^^^^^^^^^^^^^
  File "/home/banid/projects/Leapfrog_Assignment/.venv/lib/python3.12/site-packages/qdrant_client/http/api_client.py", line 130, in send
    raise UnexpectedResponse.for_response(response)
qdrant_client.http.exceptions.UnexpectedResponse: Unexpected Response: 400 (Bad Request)
Raw response content:
b'{"status":{"error":"Wrong input: Vector dimension error: expected dim: 768, got 384"},"time":0.00017582}'
2026-05-15 00:47:04 - RAG_system.services.retrieval_service - [INFO] Starting search for: What account executive positions are available at Samsara?
2026-05-15 00:47:05 - RAG_system.services.retrieval_service - [ERROR] Search failed: Unexpected Response: 400 (Bad Request)
Raw response content:
b'{"status":{"error":"Wrong input: Vector dimension error: expected dim: 768, got 384"},"time":0.000189128}'
Traceback (most recent call last):
  File "/home/banid/projects/Leapfrog_Assignment/RAG_system/services/retrieval_service.py", line 152, in search
    logger.debug(f"Hybrid search returned {len(hybrid_candidates)} candidates")
                        ^^^^^^^^^^^^^^^^^^^^^^^^^^^^^^^^^^^^^^^^^^^^^^^^^^^^^^^
  File "/home/banid/projects/Leapfrog_Assignment/RAG_system/services/vector_search_service.py", line 50, in hybrid_search
    dense_response = self.client.query_points(
                     ^^^^^^^^^^^^^^^^^^^^^^^^^
  File "/home/banid/projects/Leapfrog_Assignment/.venv/lib/python3.12/site-packages/qdrant_client/qdrant_client.py", line 423, in query_points
    return self._client.query_points(
           ^^^^^^^^^^^^^^^^^^^^^^^^^^
  File "/home/banid/projects/Leapfrog_Assignment/.venv/lib/python3.12/site-packages/qdrant_client/qdrant_remote.py", line 583, in query_points
    query_result = self.http.search_api.query_points(
                   ^^^^^^^^^^^^^^^^^^^^^^^^^^^^^^^^^^
  File "/home/banid/projects/Leapfrog_Assignment/.venv/lib/python3.12/site-packages/qdrant_client/http/api/search_api.py", line 783, in query_points
    return self._build_for_query_points(
           ^^^^^^^^^^^^^^^^^^^^^^^^^^^^^
  File "/home/banid/projects/Leapfrog_Assignment/.venv/lib/python3.12/site-packages/qdrant_client/http/api/search_api.py", line 181, in _build_for_query_points
    return self.api_client.request(
           ^^^^^^^^^^^^^^^^^^^^^^^^
  File "/home/banid/projects/Leapfrog_Assignment/.venv/lib/python3.12/site-packages/qdrant_client/http/api_client.py", line 95, in request
    return self.send(request, type_)
           ^^^^^^^^^^^^^^^^^^^^^^^^^
  File "/home/banid/projects/Leapfrog_Assignment/.venv/lib/python3.12/site-packages/qdrant_client/http/api_client.py", line 130, in send
    raise UnexpectedResponse.for_response(response)
qdrant_client.http.exceptions.UnexpectedResponse: Unexpected Response: 400 (Bad Request)
Raw response content:
b'{"status":{"error":"Wrong input: Vector dimension error: expected dim: 768, got 384"},"time":0.000189128}'
2026-05-15 00:47:06 - RAG_system.services.retrieval_service - [INFO] Starting search for: What account executive positions are available at Samsara?
2026-05-15 00:47:06 - RAG_system.services.retrieval_service - [ERROR] Search failed: Unexpected Response: 400 (Bad Request)
Raw response content:
b'{"status":{"error":"Wrong input: Vector dimension error: expected dim: 768, got 384"},"time":0.000176968}'
Traceback (most recent call last):
  File "/home/banid/projects/Leapfrog_Assignment/RAG_system/services/retrieval_service.py", line 152, in search
    logger.debug(f"Hybrid search returned {len(hybrid_candidates)} candidates")
                        ^^^^^^^^^^^^^^^^^^^^^^^^^^^^^^^^^^^^^^^^^^^^^^^^^^^^^^^
  File "/home/banid/projects/Leapfrog_Assignment/RAG_system/services/vector_search_service.py", line 50, in hybrid_search
    dense_response = self.client.query_points(
                     ^^^^^^^^^^^^^^^^^^^^^^^^^
  File "/home/banid/projects/Leapfrog_Assignment/.venv/lib/python3.12/site-packages/qdrant_client/qdrant_client.py", line 423, in query_points
    return self._client.query_points(
           ^^^^^^^^^^^^^^^^^^^^^^^^^^
  File "/home/banid/projects/Leapfrog_Assignment/.venv/lib/python3.12/site-packages/qdrant_client/qdrant_remote.py", line 583, in query_points
    query_result = self.http.search_api.query_points(
                   ^^^^^^^^^^^^^^^^^^^^^^^^^^^^^^^^^^
  File "/home/banid/projects/Leapfrog_Assignment/.venv/lib/python3.12/site-packages/qdrant_client/http/api/search_api.py", line 783, in query_points
    return self._build_for_query_points(
           ^^^^^^^^^^^^^^^^^^^^^^^^^^^^^
  File "/home/banid/projects/Leapfrog_Assignment/.venv/lib/python3.12/site-packages/qdrant_client/http/api/search_api.py", line 181, in _build_for_query_points
    return self.api_client.request(
           ^^^^^^^^^^^^^^^^^^^^^^^^
  File "/home/banid/projects/Leapfrog_Assignment/.venv/lib/python3.12/site-packages/qdrant_client/http/api_client.py", line 95, in request
    return self.send(request, type_)
           ^^^^^^^^^^^^^^^^^^^^^^^^^
  File "/home/banid/projects/Leapfrog_Assignment/.venv/lib/python3.12/site-packages/qdrant_client/http/api_client.py", line 130, in send
    raise UnexpectedResponse.for_response(response)
qdrant_client.http.exceptions.UnexpectedResponse: Unexpected Response: 400 (Bad Request)
Raw response content:
b'{"status":{"error":"Wrong input: Vector dimension error: expected dim: 768, got 384"},"time":0.000176968}'
2026-05-15 00:47:08 - RAG_system.services.retrieval_service - [INFO] Starting search for: What account executive positions are available at Samsara?
2026-05-15 00:47:08 - RAG_system.services.retrieval_service - [ERROR] Search failed: Unexpected Response: 400 (Bad Request)
Raw response content:
b'{"status":{"error":"Wrong input: Vector dimension error: expected dim: 768, got 384"},"time":0.000156915}'
Traceback (most recent call last):
  File "/home/banid/projects/Leapfrog_Assignment/RAG_system/services/retrieval_service.py", line 152, in search
    logger.debug(f"Hybrid search returned {len(hybrid_candidates)} candidates")
                        ^^^^^^^^^^^^^^^^^^^^^^^^^^^^^^^^^^^^^^^^^^^^^^^^^^^^^^^
  File "/home/banid/projects/Leapfrog_Assignment/RAG_system/services/vector_search_service.py", line 50, in hybrid_search
    dense_response = self.client.query_points(
                     ^^^^^^^^^^^^^^^^^^^^^^^^^
  File "/home/banid/projects/Leapfrog_Assignment/.venv/lib/python3.12/site-packages/qdrant_client/qdrant_client.py", line 423, in query_points
    return self._client.query_points(
           ^^^^^^^^^^^^^^^^^^^^^^^^^^
  File "/home/banid/projects/Leapfrog_Assignment/.venv/lib/python3.12/site-packages/qdrant_client/qdrant_remote.py", line 583, in query_points
    query_result = self.http.search_api.query_points(
                   ^^^^^^^^^^^^^^^^^^^^^^^^^^^^^^^^^^
  File "/home/banid/projects/Leapfrog_Assignment/.venv/lib/python3.12/site-packages/qdrant_client/http/api/search_api.py", line 783, in query_points
    return self._build_for_query_points(
           ^^^^^^^^^^^^^^^^^^^^^^^^^^^^^
  File "/home/banid/projects/Leapfrog_Assignment/.venv/lib/python3.12/site-packages/qdrant_client/http/api/search_api.py", line 181, in _build_for_query_points
    return self.api_client.request(
           ^^^^^^^^^^^^^^^^^^^^^^^^
  File "/home/banid/projects/Leapfrog_Assignment/.venv/lib/python3.12/site-packages/qdrant_client/http/api_client.py", line 95, in request
    return self.send(request, type_)
           ^^^^^^^^^^^^^^^^^^^^^^^^^
  File "/home/banid/projects/Leapfrog_Assignment/.venv/lib/python3.12/site-packages/qdrant_client/http/api_client.py", line 130, in send
    raise UnexpectedResponse.for_response(response)
qdrant_client.http.exceptions.UnexpectedResponse: Unexpected Response: 400 (Bad Request)
Raw response content:
b'{"status":{"error":"Wrong input: Vector dimension error: expected dim: 768, got 384"},"time":0.000156915}'
2026-05-15 00:47:14 - RAG_system.services.retrieval_service - [INFO] Starting search for: What content designer roles are available at TikTok?
2026-05-15 00:47:14 - RAG_system.services.retrieval_service - [ERROR] Search failed: Unexpected Response: 400 (Bad Request)
Raw response content:
b'{"status":{"error":"Wrong input: Vector dimension error: expected dim: 768, got 384"},"time":0.000162347}'
Traceback (most recent call last):
  File "/home/banid/projects/Leapfrog_Assignment/RAG_system/services/retrieval_service.py", line 152, in search
    logger.debug(f"Hybrid search returned {len(hybrid_candidates)} candidates")
                        ^^^^^^^^^^^^^^^^^^^^^^^^^^^^^^^^^^^^^^^^^^^^^^^^^^^^^^^
  File "/home/banid/projects/Leapfrog_Assignment/RAG_system/services/vector_search_service.py", line 50, in hybrid_search
    dense_response = self.client.query_points(
                     ^^^^^^^^^^^^^^^^^^^^^^^^^
  File "/home/banid/projects/Leapfrog_Assignment/.venv/lib/python3.12/site-packages/qdrant_client/qdrant_client.py", line 423, in query_points
    return self._client.query_points(
           ^^^^^^^^^^^^^^^^^^^^^^^^^^
  File "/home/banid/projects/Leapfrog_Assignment/.venv/lib/python3.12/site-packages/qdrant_client/qdrant_remote.py", line 583, in query_points
    query_result = self.http.search_api.query_points(
                   ^^^^^^^^^^^^^^^^^^^^^^^^^^^^^^^^^^
  File "/home/banid/projects/Leapfrog_Assignment/.venv/lib/python3.12/site-packages/qdrant_client/http/api/search_api.py", line 783, in query_points
    return self._build_for_query_points(
           ^^^^^^^^^^^^^^^^^^^^^^^^^^^^^
  File "/home/banid/projects/Leapfrog_Assignment/.venv/lib/python3.12/site-packages/qdrant_client/http/api/search_api.py", line 181, in _build_for_query_points
    return self.api_client.request(
           ^^^^^^^^^^^^^^^^^^^^^^^^
  File "/home/banid/projects/Leapfrog_Assignment/.venv/lib/python3.12/site-packages/qdrant_client/http/api_client.py", line 95, in request
    return self.send(request, type_)
           ^^^^^^^^^^^^^^^^^^^^^^^^^
  File "/home/banid/projects/Leapfrog_Assignment/.venv/lib/python3.12/site-packages/qdrant_client/http/api_client.py", line 130, in send
    raise UnexpectedResponse.for_response(response)
qdrant_client.http.exceptions.UnexpectedResponse: Unexpected Response: 400 (Bad Request)
Raw response content:
b'{"status":{"error":"Wrong input: Vector dimension error: expected dim: 768, got 384"},"time":0.000162347}'
2026-05-15 00:47:15 - RAG_system.services.retrieval_service - [INFO] Starting search for: What content designer roles are available at TikTok?
2026-05-15 00:47:15 - RAG_system.services.retrieval_service - [ERROR] Search failed: Unexpected Response: 400 (Bad Request)
Raw response content:
b'{"status":{"error":"Wrong input: Vector dimension error: expected dim: 768, got 384"},"time":0.000178675}'
Traceback (most recent call last):
  File "/home/banid/projects/Leapfrog_Assignment/RAG_system/services/retrieval_service.py", line 152, in search
    logger.debug(f"Hybrid search returned {len(hybrid_candidates)} candidates")
                        ^^^^^^^^^^^^^^^^^^^^^^^^^^^^^^^^^^^^^^^^^^^^^^^^^^^^^^^
  File "/home/banid/projects/Leapfrog_Assignment/RAG_system/services/vector_search_service.py", line 50, in hybrid_search
    dense_response = self.client.query_points(
                     ^^^^^^^^^^^^^^^^^^^^^^^^^
  File "/home/banid/projects/Leapfrog_Assignment/.venv/lib/python3.12/site-packages/qdrant_client/qdrant_client.py", line 423, in query_points
    return self._client.query_points(
           ^^^^^^^^^^^^^^^^^^^^^^^^^^
  File "/home/banid/projects/Leapfrog_Assignment/.venv/lib/python3.12/site-packages/qdrant_client/qdrant_remote.py", line 583, in query_points
    query_result = self.http.search_api.query_points(
                   ^^^^^^^^^^^^^^^^^^^^^^^^^^^^^^^^^^
  File "/home/banid/projects/Leapfrog_Assignment/.venv/lib/python3.12/site-packages/qdrant_client/http/api/search_api.py", line 783, in query_points
    return self._build_for_query_points(
           ^^^^^^^^^^^^^^^^^^^^^^^^^^^^^
  File "/home/banid/projects/Leapfrog_Assignment/.venv/lib/python3.12/site-packages/qdrant_client/http/api/search_api.py", line 181, in _build_for_query_points
    return self.api_client.request(
           ^^^^^^^^^^^^^^^^^^^^^^^^
  File "/home/banid/projects/Leapfrog_Assignment/.venv/lib/python3.12/site-packages/qdrant_client/http/api_client.py", line 95, in request
    return self.send(request, type_)
           ^^^^^^^^^^^^^^^^^^^^^^^^^
  File "/home/banid/projects/Leapfrog_Assignment/.venv/lib/python3.12/site-packages/qdrant_client/http/api_client.py", line 130, in send
    raise UnexpectedResponse.for_response(response)
qdrant_client.http.exceptions.UnexpectedResponse: Unexpected Response: 400 (Bad Request)
Raw response content:
b'{"status":{"error":"Wrong input: Vector dimension error: expected dim: 768, got 384"},"time":0.000178675}'
2026-05-15 00:47:17 - RAG_system.services.retrieval_service - [INFO] Starting search for: What content designer roles are available at TikTok?
2026-05-15 00:47:17 - RAG_system.services.retrieval_service - [ERROR] Search failed: Unexpected Response: 400 (Bad Request)
Raw response content:
b'{"status":{"error":"Wrong input: Vector dimension error: expected dim: 768, got 384"},"time":0.000181686}'
Traceback (most recent call last):
  File "/home/banid/projects/Leapfrog_Assignment/RAG_system/services/retrieval_service.py", line 152, in search
    logger.debug(f"Hybrid search returned {len(hybrid_candidates)} candidates")
                        ^^^^^^^^^^^^^^^^^^^^^^^^^^^^^^^^^^^^^^^^^^^^^^^^^^^^^^^
  File "/home/banid/projects/Leapfrog_Assignment/RAG_system/services/vector_search_service.py", line 50, in hybrid_search
    dense_response = self.client.query_points(
                     ^^^^^^^^^^^^^^^^^^^^^^^^^
  File "/home/banid/projects/Leapfrog_Assignment/.venv/lib/python3.12/site-packages/qdrant_client/qdrant_client.py", line 423, in query_points
    return self._client.query_points(
           ^^^^^^^^^^^^^^^^^^^^^^^^^^
  File "/home/banid/projects/Leapfrog_Assignment/.venv/lib/python3.12/site-packages/qdrant_client/qdrant_remote.py", line 583, in query_points
    query_result = self.http.search_api.query_points(
                   ^^^^^^^^^^^^^^^^^^^^^^^^^^^^^^^^^^
  File "/home/banid/projects/Leapfrog_Assignment/.venv/lib/python3.12/site-packages/qdrant_client/http/api/search_api.py", line 783, in query_points
    return self._build_for_query_points(
           ^^^^^^^^^^^^^^^^^^^^^^^^^^^^^
  File "/home/banid/projects/Leapfrog_Assignment/.venv/lib/python3.12/site-packages/qdrant_client/http/api/search_api.py", line 181, in _build_for_query_points
    return self.api_client.request(
           ^^^^^^^^^^^^^^^^^^^^^^^^
  File "/home/banid/projects/Leapfrog_Assignment/.venv/lib/python3.12/site-packages/qdrant_client/http/api_client.py", line 95, in request
    return self.send(request, type_)
           ^^^^^^^^^^^^^^^^^^^^^^^^^
  File "/home/banid/projects/Leapfrog_Assignment/.venv/lib/python3.12/site-packages/qdrant_client/http/api_client.py", line 130, in send
    raise UnexpectedResponse.for_response(response)
qdrant_client.http.exceptions.UnexpectedResponse: Unexpected Response: 400 (Bad Request)
Raw response content:
b'{"status":{"error":"Wrong input: Vector dimension error: expected dim: 768, got 384"},"time":0.000181686}'
2026-05-15 00:47:21 - RAG_system.services.retrieval_service - [INFO] Starting search for: Find me ML engineer and AI research positions at TikTok
2026-05-15 00:47:21 - RAG_system.services.retrieval_service - [ERROR] Search failed: Unexpected Response: 400 (Bad Request)
Raw response content:
b'{"status":{"error":"Wrong input: Vector dimension error: expected dim: 768, got 384"},"time":0.000172283}'
Traceback (most recent call last):
  File "/home/banid/projects/Leapfrog_Assignment/RAG_system/services/retrieval_service.py", line 152, in search
    logger.debug(f"Hybrid search returned {len(hybrid_candidates)} candidates")
                        ^^^^^^^^^^^^^^^^^^^^^^^^^^^^^^^^^^^^^^^^^^^^^^^^^^^^^^^
  File "/home/banid/projects/Leapfrog_Assignment/RAG_system/services/vector_search_service.py", line 50, in hybrid_search
    dense_response = self.client.query_points(
                     ^^^^^^^^^^^^^^^^^^^^^^^^^
  File "/home/banid/projects/Leapfrog_Assignment/.venv/lib/python3.12/site-packages/qdrant_client/qdrant_client.py", line 423, in query_points
    return self._client.query_points(
           ^^^^^^^^^^^^^^^^^^^^^^^^^^
  File "/home/banid/projects/Leapfrog_Assignment/.venv/lib/python3.12/site-packages/qdrant_client/qdrant_remote.py", line 583, in query_points
    query_result = self.http.search_api.query_points(
                   ^^^^^^^^^^^^^^^^^^^^^^^^^^^^^^^^^^
  File "/home/banid/projects/Leapfrog_Assignment/.venv/lib/python3.12/site-packages/qdrant_client/http/api/search_api.py", line 783, in query_points
    return self._build_for_query_points(
           ^^^^^^^^^^^^^^^^^^^^^^^^^^^^^
  File "/home/banid/projects/Leapfrog_Assignment/.venv/lib/python3.12/site-packages/qdrant_client/http/api/search_api.py", line 181, in _build_for_query_points
    return self.api_client.request(
           ^^^^^^^^^^^^^^^^^^^^^^^^
  File "/home/banid/projects/Leapfrog_Assignment/.venv/lib/python3.12/site-packages/qdrant_client/http/api_client.py", line 95, in request
    return self.send(request, type_)
           ^^^^^^^^^^^^^^^^^^^^^^^^^
  File "/home/banid/projects/Leapfrog_Assignment/.venv/lib/python3.12/site-packages/qdrant_client/http/api_client.py", line 130, in send
    raise UnexpectedResponse.for_response(response)
qdrant_client.http.exceptions.UnexpectedResponse: Unexpected Response: 400 (Bad Request)
Raw response content:
b'{"status":{"error":"Wrong input: Vector dimension error: expected dim: 768, got 384"},"time":0.000172283}'
2026-05-15 00:47:22 - RAG_system.services.retrieval_service - [INFO] Starting search for: Find me ML engineer and AI research positions at TikTok
2026-05-15 00:47:23 - RAG_system.services.retrieval_service - [ERROR] Search failed: Unexpected Response: 400 (Bad Request)
Raw response content:
b'{"status":{"error":"Wrong input: Vector dimension error: expected dim: 768, got 384"},"time":0.000184}'
Traceback (most recent call last):
  File "/home/banid/projects/Leapfrog_Assignment/RAG_system/services/retrieval_service.py", line 152, in search
    logger.debug(f"Hybrid search returned {len(hybrid_candidates)} candidates")
                        ^^^^^^^^^^^^^^^^^^^^^^^^^^^^^^^^^^^^^^^^^^^^^^^^^^^^^^^
  File "/home/banid/projects/Leapfrog_Assignment/RAG_system/services/vector_search_service.py", line 50, in hybrid_search
    dense_response = self.client.query_points(
                     ^^^^^^^^^^^^^^^^^^^^^^^^^
  File "/home/banid/projects/Leapfrog_Assignment/.venv/lib/python3.12/site-packages/qdrant_client/qdrant_client.py", line 423, in query_points
    return self._client.query_points(
           ^^^^^^^^^^^^^^^^^^^^^^^^^^
  File "/home/banid/projects/Leapfrog_Assignment/.venv/lib/python3.12/site-packages/qdrant_client/qdrant_remote.py", line 583, in query_points
    query_result = self.http.search_api.query_points(
                   ^^^^^^^^^^^^^^^^^^^^^^^^^^^^^^^^^^
  File "/home/banid/projects/Leapfrog_Assignment/.venv/lib/python3.12/site-packages/qdrant_client/http/api/search_api.py", line 783, in query_points
    return self._build_for_query_points(
           ^^^^^^^^^^^^^^^^^^^^^^^^^^^^^
  File "/home/banid/projects/Leapfrog_Assignment/.venv/lib/python3.12/site-packages/qdrant_client/http/api/search_api.py", line 181, in _build_for_query_points
    return self.api_client.request(
           ^^^^^^^^^^^^^^^^^^^^^^^^
  File "/home/banid/projects/Leapfrog_Assignment/.venv/lib/python3.12/site-packages/qdrant_client/http/api_client.py", line 95, in request
    return self.send(request, type_)
           ^^^^^^^^^^^^^^^^^^^^^^^^^
  File "/home/banid/projects/Leapfrog_Assignment/.venv/lib/python3.12/site-packages/qdrant_client/http/api_client.py", line 130, in send
    raise UnexpectedResponse.for_response(response)
qdrant_client.http.exceptions.UnexpectedResponse: Unexpected Response: 400 (Bad Request)
Raw response content:
b'{"status":{"error":"Wrong input: Vector dimension error: expected dim: 768, got 384"},"time":0.000184}'
2026-05-15 00:47:25 - RAG_system.services.retrieval_service - [INFO] Starting search for: Find me ML engineer and AI research positions at TikTok
2026-05-15 00:47:25 - RAG_system.services.retrieval_service - [ERROR] Search failed: Unexpected Response: 400 (Bad Request)
Raw response content:
b'{"status":{"error":"Wrong input: Vector dimension error: expected dim: 768, got 384"},"time":0.000174318}'
Traceback (most recent call last):
  File "/home/banid/projects/Leapfrog_Assignment/RAG_system/services/retrieval_service.py", line 152, in search
    logger.debug(f"Hybrid search returned {len(hybrid_candidates)} candidates")
                        ^^^^^^^^^^^^^^^^^^^^^^^^^^^^^^^^^^^^^^^^^^^^^^^^^^^^^^^
  File "/home/banid/projects/Leapfrog_Assignment/RAG_system/services/vector_search_service.py", line 50, in hybrid_search
    dense_response = self.client.query_points(
                     ^^^^^^^^^^^^^^^^^^^^^^^^^
  File "/home/banid/projects/Leapfrog_Assignment/.venv/lib/python3.12/site-packages/qdrant_client/qdrant_client.py", line 423, in query_points
    return self._client.query_points(
           ^^^^^^^^^^^^^^^^^^^^^^^^^^
  File "/home/banid/projects/Leapfrog_Assignment/.venv/lib/python3.12/site-packages/qdrant_client/qdrant_remote.py", line 583, in query_points
    query_result = self.http.search_api.query_points(
                   ^^^^^^^^^^^^^^^^^^^^^^^^^^^^^^^^^^
  File "/home/banid/projects/Leapfrog_Assignment/.venv/lib/python3.12/site-packages/qdrant_client/http/api/search_api.py", line 783, in query_points
    return self._build_for_query_points(
           ^^^^^^^^^^^^^^^^^^^^^^^^^^^^^
  File "/home/banid/projects/Leapfrog_Assignment/.venv/lib/python3.12/site-packages/qdrant_client/http/api/search_api.py", line 181, in _build_for_query_points
    return self.api_client.request(
           ^^^^^^^^^^^^^^^^^^^^^^^^
  File "/home/banid/projects/Leapfrog_Assignment/.venv/lib/python3.12/site-packages/qdrant_client/http/api_client.py", line 95, in request
    return self.send(request, type_)
           ^^^^^^^^^^^^^^^^^^^^^^^^^
  File "/home/banid/projects/Leapfrog_Assignment/.venv/lib/python3.12/site-packages/qdrant_client/http/api_client.py", line 130, in send
    raise UnexpectedResponse.for_response(response)
qdrant_client.http.exceptions.UnexpectedResponse: Unexpected Response: 400 (Bad Request)
Raw response content:
b'{"status":{"error":"Wrong input: Vector dimension error: expected dim: 768, got 384"},"time":0.000174318}'
2026-05-15 00:47:54 - RAG_system.services.retrieval_service - [INFO] Starting search for: test
2026-05-15 00:47:54 - RAG_system.services.retrieval_service - [ERROR] Search failed: Unexpected Response: 400 (Bad Request)
Raw response content:
b'{"status":{"error":"Wrong input: Vector dimension error: expected dim: 768, got 384"},"time":0.000701096}'
Traceback (most recent call last):
  File "/home/banid/projects/Leapfrog_Assignment/RAG_system/services/retrieval_service.py", line 152, in search
    logger.debug(f"Hybrid search returned {len(hybrid_candidates)} candidates")
                        ^^^^^^^^^^^^^^^^^^^^^^^^^^^^^^^^^^^^^^^^^^^^^^^^^^^^^^^
  File "/home/banid/projects/Leapfrog_Assignment/RAG_system/services/vector_search_service.py", line 50, in hybrid_search
    dense_response = self.client.query_points(
                     ^^^^^^^^^^^^^^^^^^^^^^^^^
  File "/home/banid/projects/Leapfrog_Assignment/.venv/lib/python3.12/site-packages/qdrant_client/qdrant_client.py", line 423, in query_points
    return self._client.query_points(
           ^^^^^^^^^^^^^^^^^^^^^^^^^^
  File "/home/banid/projects/Leapfrog_Assignment/.venv/lib/python3.12/site-packages/qdrant_client/qdrant_remote.py", line 583, in query_points
    query_result = self.http.search_api.query_points(
                   ^^^^^^^^^^^^^^^^^^^^^^^^^^^^^^^^^^
  File "/home/banid/projects/Leapfrog_Assignment/.venv/lib/python3.12/site-packages/qdrant_client/http/api/search_api.py", line 783, in query_points
    return self._build_for_query_points(
           ^^^^^^^^^^^^^^^^^^^^^^^^^^^^^
  File "/home/banid/projects/Leapfrog_Assignment/.venv/lib/python3.12/site-packages/qdrant_client/http/api/search_api.py", line 181, in _build_for_query_points
    return self.api_client.request(
           ^^^^^^^^^^^^^^^^^^^^^^^^
  File "/home/banid/projects/Leapfrog_Assignment/.venv/lib/python3.12/site-packages/qdrant_client/http/api_client.py", line 95, in request
    return self.send(request, type_)
           ^^^^^^^^^^^^^^^^^^^^^^^^^
  File "/home/banid/projects/Leapfrog_Assignment/.venv/lib/python3.12/site-packages/qdrant_client/http/api_client.py", line 130, in send
    raise UnexpectedResponse.for_response(response)
qdrant_client.http.exceptions.UnexpectedResponse: Unexpected Response: 400 (Bad Request)
Raw response content:
b'{"status":{"error":"Wrong input: Vector dimension error: expected dim: 768, got 384"},"time":0.000701096}'
2026-05-15 00:47:55 - RAG_system.services.retrieval_service - [INFO] Initializing RetrievalService...
2026-05-15 00:48:03 - RAG_system.services.reranker_service - [INFO] Loading reranker model: cross-encoder/ms-marco-MiniLM-L-6-v2...
2026-05-15 00:48:11 - RAG_system.services.reranker_service - [INFO] Reranker loaded successfully
2026-05-15 00:48:11 - RAG_system.services.retrieval_service - [INFO] RetrievalService initialized successfully
2026-05-15 00:48:12 - RAG_system.services.retrieval_service - [INFO] Starting search for: test
2026-05-15 00:48:13 - RAG_system.services.retrieval_service - [ERROR] Search failed: Unexpected Response: 400 (Bad Request)
Raw response content:
b'{"status":{"error":"Wrong input: Vector dimension error: expected dim: 768, got 384"},"time":0.000339266}'
Traceback (most recent call last):
  File "/home/banid/projects/Leapfrog_Assignment/RAG_system/services/retrieval_service.py", line 152, in search
    logger.debug(f"Hybrid search returned {len(hybrid_candidates)} candidates")
                        ^^^^^^^^^^^^^^^^^^^^^^^^^^^^^^^^^^^^^^^^^^^^^^^^^^^^^^^
  File "/home/banid/projects/Leapfrog_Assignment/RAG_system/services/vector_search_service.py", line 50, in hybrid_search
    dense_response = self.client.query_points(
                     ^^^^^^^^^^^^^^^^^^^^^^^^^
  File "/home/banid/projects/Leapfrog_Assignment/.venv/lib/python3.12/site-packages/qdrant_client/qdrant_client.py", line 423, in query_points
    return self._client.query_points(
           ^^^^^^^^^^^^^^^^^^^^^^^^^^
  File "/home/banid/projects/Leapfrog_Assignment/.venv/lib/python3.12/site-packages/qdrant_client/qdrant_remote.py", line 583, in query_points
    query_result = self.http.search_api.query_points(
                   ^^^^^^^^^^^^^^^^^^^^^^^^^^^^^^^^^^
  File "/home/banid/projects/Leapfrog_Assignment/.venv/lib/python3.12/site-packages/qdrant_client/http/api/search_api.py", line 783, in query_points
    return self._build_for_query_points(
           ^^^^^^^^^^^^^^^^^^^^^^^^^^^^^
  File "/home/banid/projects/Leapfrog_Assignment/.venv/lib/python3.12/site-packages/qdrant_client/http/api/search_api.py", line 181, in _build_for_query_points
    return self.api_client.request(
           ^^^^^^^^^^^^^^^^^^^^^^^^
  File "/home/banid/projects/Leapfrog_Assignment/.venv/lib/python3.12/site-packages/qdrant_client/http/api_client.py", line 95, in request
    return self.send(request, type_)
           ^^^^^^^^^^^^^^^^^^^^^^^^^
  File "/home/banid/projects/Leapfrog_Assignment/.venv/lib/python3.12/site-packages/qdrant_client/http/api_client.py", line 130, in send
    raise UnexpectedResponse.for_response(response)
qdrant_client.http.exceptions.UnexpectedResponse: Unexpected Response: 400 (Bad Request)
Raw response content:
b'{"status":{"error":"Wrong input: Vector dimension error: expected dim: 768, got 384"},"time":0.000339266}'
2026-05-15 00:49:08 - RAG_system.services.retrieval_service - [INFO] Initializing RetrievalService...
2026-05-15 00:49:14 - RAG_system.services.reranker_service - [INFO] Loading reranker model: cross-encoder/ms-marco-MiniLM-L-6-v2...
2026-05-15 00:49:23 - RAG_system.services.reranker_service - [INFO] Reranker loaded successfully
2026-05-15 00:49:23 - RAG_system.services.retrieval_service - [INFO] RetrievalService initialized successfully
2026-05-15 00:49:36 - RAG_system.services.retrieval_service - [DEBUG] Hybrid search returned 20 candidates
2026-05-15 00:49:36 - RAG_system.services.reranker_service - [DEBUG] Reranked 20 texts → top 5
2026-05-15 00:49:36 - RAG_system.services.retrieval_service - [DEBUG] Reranked 20 -> 5 results
2026-05-15 00:49:51 - RAG_system.services.retrieval_service - [DEBUG] Hybrid search returned 100 candidates
2026-05-15 00:49:51 - RAG_system.services.reranker_service - [DEBUG] Reranked 50 texts → top 5
2026-05-15 00:49:51 - RAG_system.services.retrieval_service - [DEBUG] Reranked 50 -> 5 results
2026-05-15 00:49:54 - RAG_system.services.retrieval_service - [DEBUG] Hybrid search returned 100 candidates
2026-05-15 00:49:54 - RAG_system.services.reranker_service - [DEBUG] Reranked 50 texts → top 5
2026-05-15 00:49:54 - RAG_system.services.retrieval_service - [DEBUG] Reranked 50 -> 5 results
2026-05-15 00:50:01 - RAG_system.services.retrieval_service - [DEBUG] Hybrid search returned 41 candidates
2026-05-15 00:50:02 - RAG_system.services.reranker_service - [DEBUG] Reranked 41 texts → top 5
2026-05-15 00:50:02 - RAG_system.services.retrieval_service - [DEBUG] Reranked 41 -> 5 results
2026-05-15 00:50:06 - RAG_system.services.retrieval_service - [DEBUG] Hybrid search returned 69 candidates
2026-05-15 00:50:06 - RAG_system.services.reranker_service - [DEBUG] Reranked 50 texts → top 5
2026-05-15 00:50:06 - RAG_system.services.retrieval_service - [DEBUG] Reranked 50 -> 5 results
2026-05-15 00:50:10 - RAG_system.services.retrieval_service - [DEBUG] Hybrid search returned 100 candidates
2026-05-15 00:50:11 - RAG_system.services.reranker_service - [DEBUG] Reranked 50 texts → top 5
2026-05-15 00:50:11 - RAG_system.services.retrieval_service - [DEBUG] Reranked 50 -> 5 results
2026-05-15 00:50:15 - RAG_system.services.retrieval_service - [DEBUG] Hybrid search returned 11 candidates
2026-05-15 00:50:15 - RAG_system.services.reranker_service - [DEBUG] Reranked 11 texts → top 5
2026-05-15 00:50:15 - RAG_system.services.retrieval_service - [DEBUG] Reranked 11 -> 5 results
2026-05-15 00:50:20 - RAG_system.services.retrieval_service - [DEBUG] Hybrid search returned 100 candidates
2026-05-15 00:50:20 - RAG_system.services.reranker_service - [DEBUG] Reranked 50 texts → top 5
2026-05-15 00:50:20 - RAG_system.services.retrieval_service - [DEBUG] Reranked 50 -> 5 results
2026-05-15 00:50:22 - RAG_system.services.retrieval_service - [DEBUG] Hybrid search returned 100 candidates
2026-05-15 00:50:23 - RAG_system.services.reranker_service - [DEBUG] Reranked 50 texts → top 5
2026-05-15 00:50:23 - RAG_system.services.retrieval_service - [DEBUG] Reranked 50 -> 5 results
2026-05-15 00:50:25 - RAG_system.services.retrieval_service - [DEBUG] Hybrid search returned 100 candidates
2026-05-15 00:50:25 - RAG_system.services.reranker_service - [DEBUG] Reranked 50 texts → top 5
2026-05-15 00:50:25 - RAG_system.services.retrieval_service - [DEBUG] Reranked 50 -> 5 results
2026-05-15 00:50:31 - RAG_system.services.retrieval_service - [DEBUG] Hybrid search returned 100 candidates
2026-05-15 00:50:31 - RAG_system.services.reranker_service - [DEBUG] Reranked 50 texts → top 5
2026-05-15 00:50:31 - RAG_system.services.retrieval_service - [DEBUG] Reranked 50 -> 5 results
2026-05-15 00:50:39 - RAG_system.services.retrieval_service - [DEBUG] Hybrid search returned 100 candidates
2026-05-15 00:50:39 - RAG_system.services.reranker_service - [DEBUG] Reranked 50 texts → top 5
2026-05-15 00:50:39 - RAG_system.services.retrieval_service - [DEBUG] Reranked 50 -> 5 results
2026-05-15 00:50:45 - RAG_system.services.retrieval_service - [DEBUG] Hybrid search returned 100 candidates
2026-05-15 00:50:45 - RAG_system.services.reranker_service - [DEBUG] Reranked 50 texts → top 5
2026-05-15 00:50:45 - RAG_system.services.retrieval_service - [DEBUG] Reranked 50 -> 5 results
2026-05-15 00:50:53 - RAG_system.services.retrieval_service - [DEBUG] Hybrid search returned 41 candidates
2026-05-15 00:50:53 - RAG_system.services.reranker_service - [DEBUG] Reranked 41 texts → top 5
2026-05-15 00:50:53 - RAG_system.services.retrieval_service - [DEBUG] Reranked 41 -> 5 results
2026-05-15 00:50:56 - RAG_system.services.retrieval_service - [DEBUG] Hybrid search returned 100 candidates
2026-05-15 00:50:56 - RAG_system.services.reranker_service - [DEBUG] Reranked 50 texts → top 5
2026-05-15 00:50:56 - RAG_system.services.retrieval_service - [DEBUG] Reranked 50 -> 5 results
2026-05-15 00:51:00 - RAG_system.services.retrieval_service - [DEBUG] Hybrid search returned 20 candidates
2026-05-15 00:51:00 - RAG_system.services.reranker_service - [DEBUG] Reranked 20 texts → top 5
2026-05-15 00:51:00 - RAG_system.services.retrieval_service - [DEBUG] Reranked 20 -> 5 results
2026-05-15 00:51:07 - RAG_system.services.retrieval_service - [DEBUG] Hybrid search returned 100 candidates
2026-05-15 00:51:07 - RAG_system.services.reranker_service - [DEBUG] Reranked 50 texts → top 5
2026-05-15 00:51:07 - RAG_system.services.retrieval_service - [DEBUG] Reranked 50 -> 5 results
2026-05-15 00:51:12 - RAG_system.services.retrieval_service - [DEBUG] Hybrid search returned 100 candidates
2026-05-15 00:51:12 - RAG_system.services.reranker_service - [DEBUG] Reranked 50 texts → top 5
2026-05-15 00:51:12 - RAG_system.services.retrieval_service - [DEBUG] Reranked 50 -> 5 results
2026-05-15 00:51:21 - RAG_system.services.retrieval_service - [DEBUG] Hybrid search returned 100 candidates
2026-05-15 00:51:21 - RAG_system.services.reranker_service - [DEBUG] Reranked 50 texts → top 5
2026-05-15 00:51:21 - RAG_system.services.retrieval_service - [DEBUG] Reranked 50 -> 5 results
2026-05-15 00:51:27 - RAG_system.services.retrieval_service - [DEBUG] Hybrid search returned 100 candidates
2026-05-15 00:51:27 - RAG_system.services.reranker_service - [DEBUG] Reranked 50 texts → top 5
2026-05-15 00:51:27 - RAG_system.services.retrieval_service - [DEBUG] Reranked 50 -> 5 results
2026-05-15 00:51:32 - RAG_system.services.retrieval_service - [DEBUG] Hybrid search returned 100 candidates
2026-05-15 00:51:33 - RAG_system.services.reranker_service - [DEBUG] Reranked 50 texts → top 5
2026-05-15 00:51:33 - RAG_system.services.retrieval_service - [DEBUG] Reranked 50 -> 5 results
2026-05-15 01:00:02 - RAG_system.services.retrieval_service - [DEBUG] Hybrid search returned 100 candidates
2026-05-15 01:00:02 - RAG_system.services.reranker_service - [DEBUG] Reranked 50 texts → top 5
2026-05-15 01:00:02 - RAG_system.services.retrieval_service - [DEBUG] Reranked 50 -> 5 results
2026-05-15 01:00:08 - RAG_system.services.retrieval_service - [DEBUG] Hybrid search returned 100 candidates
2026-05-15 01:00:08 - RAG_system.services.reranker_service - [DEBUG] Reranked 50 texts → top 5
2026-05-15 01:00:08 - RAG_system.services.retrieval_service - [DEBUG] Reranked 50 -> 5 results
2026-05-15 01:00:13 - RAG_system.services.retrieval_service - [DEBUG] Hybrid search returned 41 candidates
2026-05-15 01:00:13 - RAG_system.services.reranker_service - [DEBUG] Reranked 41 texts → top 5
2026-05-15 01:00:13 - RAG_system.services.retrieval_service - [DEBUG] Reranked 41 -> 5 results
2026-05-15 01:00:17 - RAG_system.services.retrieval_service - [DEBUG] Hybrid search returned 69 candidates
2026-05-15 01:00:17 - RAG_system.services.reranker_service - [DEBUG] Reranked 50 texts → top 5
2026-05-15 01:00:17 - RAG_system.services.retrieval_service - [DEBUG] Reranked 50 -> 5 results
2026-05-15 01:00:21 - RAG_system.services.retrieval_service - [DEBUG] Hybrid search returned 100 candidates
2026-05-15 01:00:21 - RAG_system.services.reranker_service - [DEBUG] Reranked 50 texts → top 5
2026-05-15 01:00:21 - RAG_system.services.retrieval_service - [DEBUG] Reranked 50 -> 5 results
2026-05-15 01:00:26 - RAG_system.services.retrieval_service - [DEBUG] Hybrid search returned 11 candidates
2026-05-15 01:00:26 - RAG_system.services.reranker_service - [DEBUG] Reranked 11 texts → top 5
2026-05-15 01:00:26 - RAG_system.services.retrieval_service - [DEBUG] Reranked 11 -> 5 results
2026-05-15 01:00:33 - RAG_system.services.retrieval_service - [DEBUG] Hybrid search returned 100 candidates
2026-05-15 01:00:33 - RAG_system.services.reranker_service - [DEBUG] Reranked 50 texts → top 5
2026-05-15 01:00:33 - RAG_system.services.retrieval_service - [DEBUG] Reranked 50 -> 5 results
2026-05-15 01:00:35 - RAG_system.services.retrieval_service - [DEBUG] Hybrid search returned 100 candidates
2026-05-15 01:00:35 - RAG_system.services.reranker_service - [DEBUG] Reranked 50 texts → top 5
2026-05-15 01:00:35 - RAG_system.services.retrieval_service - [DEBUG] Reranked 50 -> 5 results
2026-05-15 01:00:37 - RAG_system.services.retrieval_service - [DEBUG] Hybrid search returned 100 candidates
2026-05-15 01:00:37 - RAG_system.services.reranker_service - [DEBUG] Reranked 50 texts → top 5
2026-05-15 01:00:37 - RAG_system.services.retrieval_service - [DEBUG] Reranked 50 -> 5 results
2026-05-15 01:00:45 - RAG_system.services.retrieval_service - [DEBUG] Hybrid search returned 100 candidates
2026-05-15 01:00:45 - RAG_system.services.reranker_service - [DEBUG] Reranked 50 texts → top 5
2026-05-15 01:00:45 - RAG_system.services.retrieval_service - [DEBUG] Reranked 50 -> 5 results
2026-05-15 01:00:50 - RAG_system.services.retrieval_service - [DEBUG] Hybrid search returned 100 candidates
2026-05-15 01:00:50 - RAG_system.services.reranker_service - [DEBUG] Reranked 50 texts → top 5
2026-05-15 01:00:50 - RAG_system.services.retrieval_service - [DEBUG] Reranked 50 -> 5 results
2026-05-15 01:00:55 - RAG_system.services.retrieval_service - [DEBUG] Hybrid search returned 100 candidates
2026-05-15 01:00:55 - RAG_system.services.reranker_service - [DEBUG] Reranked 50 texts → top 5
2026-05-15 01:00:55 - RAG_system.services.retrieval_service - [DEBUG] Reranked 50 -> 5 results
2026-05-15 01:01:01 - RAG_system.services.retrieval_service - [DEBUG] Hybrid search returned 41 candidates
2026-05-15 01:01:02 - RAG_system.services.reranker_service - [DEBUG] Reranked 41 texts → top 5
2026-05-15 01:01:02 - RAG_system.services.retrieval_service - [DEBUG] Reranked 41 -> 5 results
2026-05-15 01:01:04 - RAG_system.services.retrieval_service - [DEBUG] Hybrid search returned 100 candidates
2026-05-15 01:01:04 - RAG_system.services.reranker_service - [DEBUG] Reranked 50 texts → top 5
2026-05-15 01:01:04 - RAG_system.services.retrieval_service - [DEBUG] Reranked 50 -> 5 results
2026-05-15 01:01:07 - RAG_system.services.retrieval_service - [DEBUG] Hybrid search returned 20 candidates
2026-05-15 01:01:07 - RAG_system.services.reranker_service - [DEBUG] Reranked 20 texts → top 5
2026-05-15 01:01:07 - RAG_system.services.retrieval_service - [DEBUG] Reranked 20 -> 5 results
2026-05-15 01:01:14 - RAG_system.services.retrieval_service - [DEBUG] Hybrid search returned 100 candidates
2026-05-15 01:01:15 - RAG_system.services.reranker_service - [DEBUG] Reranked 50 texts → top 5
2026-05-15 01:01:15 - RAG_system.services.retrieval_service - [DEBUG] Reranked 50 -> 5 results
2026-05-15 01:01:20 - RAG_system.services.retrieval_service - [DEBUG] Hybrid search returned 100 candidates
2026-05-15 01:01:20 - RAG_system.services.reranker_service - [DEBUG] Reranked 50 texts → top 5
2026-05-15 01:01:20 - RAG_system.services.retrieval_service - [DEBUG] Reranked 50 -> 5 results
2026-05-15 01:01:28 - RAG_system.services.retrieval_service - [DEBUG] Hybrid search returned 100 candidates
2026-05-15 01:01:29 - RAG_system.services.reranker_service - [DEBUG] Reranked 50 texts → top 5
2026-05-15 01:01:29 - RAG_system.services.retrieval_service - [DEBUG] Reranked 50 -> 5 results
2026-05-15 01:01:32 - RAG_system.services.retrieval_service - [DEBUG] Hybrid search returned 100 candidates
2026-05-15 01:01:32 - RAG_system.services.reranker_service - [DEBUG] Reranked 50 texts → top 5
2026-05-15 01:01:32 - RAG_system.services.retrieval_service - [DEBUG] Reranked 50 -> 5 results
2026-05-15 01:01:37 - RAG_system.services.retrieval_service - [DEBUG] Hybrid search returned 100 candidates
2026-05-15 01:01:37 - RAG_system.services.reranker_service - [DEBUG] Reranked 50 texts → top 5
2026-05-15 01:01:37 - RAG_system.services.retrieval_service - [DEBUG] Reranked 50 -> 5 results
2026-05-15 01:04:55 - RAG_system.services.retrieval_service - [INFO] Initializing RetrievalService...
2026-05-15 01:05:02 - RAG_system.services.reranker_service - [INFO] Loading reranker model: cross-encoder/ms-marco-MiniLM-L-6-v2...
2026-05-15 01:05:10 - RAG_system.services.reranker_service - [INFO] Reranker loaded successfully
2026-05-15 01:05:10 - RAG_system.services.retrieval_service - [INFO] RetrievalService initialized successfully
2026-05-15 01:05:34 - RAG_system.services.retrieval_service - [DEBUG] Hybrid search returned 100 candidates
2026-05-15 01:05:34 - RAG_system.services.reranker_service - [DEBUG] Reranked 50 texts → top 5
2026-05-15 01:05:34 - RAG_system.services.retrieval_service - [DEBUG] Reranked 50 -> 5 results
2026-05-15 01:05:39 - RAG_system.services.retrieval_service - [DEBUG] Hybrid search returned 100 candidates
2026-05-15 01:05:39 - RAG_system.services.reranker_service - [DEBUG] Reranked 50 texts → top 5
2026-05-15 01:05:39 - RAG_system.services.retrieval_service - [DEBUG] Reranked 50 -> 5 results
2026-05-15 01:05:44 - RAG_system.services.retrieval_service - [DEBUG] Hybrid search returned 41 candidates
2026-05-15 01:05:44 - RAG_system.services.reranker_service - [DEBUG] Reranked 41 texts → top 5
2026-05-15 01:05:44 - RAG_system.services.retrieval_service - [DEBUG] Reranked 41 -> 5 results
2026-05-15 01:05:49 - RAG_system.services.retrieval_service - [DEBUG] Hybrid search returned 69 candidates
2026-05-15 01:05:49 - RAG_system.services.reranker_service - [DEBUG] Reranked 50 texts → top 5
2026-05-15 01:05:49 - RAG_system.services.retrieval_service - [DEBUG] Reranked 50 -> 5 results
2026-05-15 01:05:53 - RAG_system.services.retrieval_service - [DEBUG] Hybrid search returned 100 candidates
2026-05-15 01:05:53 - RAG_system.services.reranker_service - [DEBUG] Reranked 50 texts → top 5
2026-05-15 01:05:53 - RAG_system.services.retrieval_service - [DEBUG] Reranked 50 -> 5 results
2026-05-15 01:05:59 - RAG_system.services.retrieval_service - [DEBUG] Hybrid search returned 11 candidates
2026-05-15 01:06:00 - RAG_system.services.reranker_service - [DEBUG] Reranked 11 texts → top 5
2026-05-15 01:06:00 - RAG_system.services.retrieval_service - [DEBUG] Reranked 11 -> 5 results
2026-05-15 01:06:04 - RAG_system.services.retrieval_service - [DEBUG] Hybrid search returned 100 candidates
2026-05-15 01:06:04 - RAG_system.services.reranker_service - [DEBUG] Reranked 50 texts → top 5
2026-05-15 01:06:04 - RAG_system.services.retrieval_service - [DEBUG] Reranked 50 -> 5 results
2026-05-15 01:06:08 - RAG_system.services.retrieval_service - [DEBUG] Hybrid search returned 100 candidates
2026-05-15 01:06:08 - RAG_system.services.reranker_service - [DEBUG] Reranked 50 texts → top 5
2026-05-15 01:06:08 - RAG_system.services.retrieval_service - [DEBUG] Reranked 50 -> 5 results
2026-05-15 01:06:11 - RAG_system.services.retrieval_service - [DEBUG] Hybrid search returned 100 candidates
2026-05-15 01:06:11 - RAG_system.services.reranker_service - [DEBUG] Reranked 50 texts → top 5
2026-05-15 01:06:11 - RAG_system.services.retrieval_service - [DEBUG] Reranked 50 -> 5 results
2026-05-15 01:06:16 - RAG_system.services.retrieval_service - [DEBUG] Hybrid search returned 100 candidates
2026-05-15 01:06:16 - RAG_system.services.reranker_service - [DEBUG] Reranked 50 texts → top 5
2026-05-15 01:06:16 - RAG_system.services.retrieval_service - [DEBUG] Reranked 50 -> 5 results
2026-05-15 01:06:24 - RAG_system.services.retrieval_service - [DEBUG] Hybrid search returned 100 candidates
2026-05-15 01:06:26 - RAG_system.services.reranker_service - [DEBUG] Reranked 50 texts → top 5
2026-05-15 01:06:26 - RAG_system.services.retrieval_service - [DEBUG] Reranked 50 -> 5 results
2026-05-15 01:06:32 - RAG_system.services.retrieval_service - [DEBUG] Hybrid search returned 100 candidates
2026-05-15 01:06:32 - RAG_system.services.reranker_service - [DEBUG] Reranked 50 texts → top 5
2026-05-15 01:06:32 - RAG_system.services.retrieval_service - [DEBUG] Reranked 50 -> 5 results
2026-05-15 01:06:39 - RAG_system.services.retrieval_service - [DEBUG] Hybrid search returned 41 candidates
2026-05-15 01:06:40 - RAG_system.services.reranker_service - [DEBUG] Reranked 41 texts → top 5
2026-05-15 01:06:40 - RAG_system.services.retrieval_service - [DEBUG] Reranked 41 -> 5 results
2026-05-15 01:06:43 - RAG_system.services.retrieval_service - [DEBUG] Hybrid search returned 100 candidates
2026-05-15 01:06:43 - RAG_system.services.reranker_service - [DEBUG] Reranked 50 texts → top 5
2026-05-15 01:06:43 - RAG_system.services.retrieval_service - [DEBUG] Reranked 50 -> 5 results
2026-05-15 01:06:46 - RAG_system.services.retrieval_service - [DEBUG] Hybrid search returned 20 candidates
2026-05-15 01:06:46 - RAG_system.services.reranker_service - [DEBUG] Reranked 20 texts → top 5
2026-05-15 01:06:46 - RAG_system.services.retrieval_service - [DEBUG] Reranked 20 -> 5 results
2026-05-15 01:06:51 - RAG_system.services.retrieval_service - [DEBUG] Hybrid search returned 100 candidates
2026-05-15 01:06:51 - RAG_system.services.reranker_service - [DEBUG] Reranked 50 texts → top 5
2026-05-15 01:06:51 - RAG_system.services.retrieval_service - [DEBUG] Reranked 50 -> 5 results
2026-05-15 01:06:56 - RAG_system.services.retrieval_service - [DEBUG] Hybrid search returned 100 candidates
2026-05-15 01:06:56 - RAG_system.services.reranker_service - [DEBUG] Reranked 50 texts → top 5
2026-05-15 01:06:56 - RAG_system.services.retrieval_service - [DEBUG] Reranked 50 -> 5 results
2026-05-15 01:07:05 - RAG_system.services.retrieval_service - [DEBUG] Hybrid search returned 100 candidates
2026-05-15 01:07:05 - RAG_system.services.reranker_service - [DEBUG] Reranked 50 texts → top 5
2026-05-15 01:07:05 - RAG_system.services.retrieval_service - [DEBUG] Reranked 50 -> 5 results
2026-05-15 01:07:11 - RAG_system.services.retrieval_service - [DEBUG] Hybrid search returned 100 candidates
2026-05-15 01:07:11 - RAG_system.services.reranker_service - [DEBUG] Reranked 50 texts → top 5
2026-05-15 01:07:11 - RAG_system.services.retrieval_service - [DEBUG] Reranked 50 -> 5 results
2026-05-15 01:07:16 - RAG_system.services.retrieval_service - [DEBUG] Hybrid search returned 100 candidates
2026-05-15 01:07:16 - RAG_system.services.reranker_service - [DEBUG] Reranked 50 texts → top 5
2026-05-15 01:07:16 - RAG_system.services.retrieval_service - [DEBUG] Reranked 50 -> 5 results
